date,time,building_name,building_type,energy_consumption,solar_generated,solar_used,battery_level,temperature,weather_condition
2026-08-06,00:00:00,Main Block,Academic,6.75,0.0,0.0,63.5,23.0,Partly Cloudy
2026-08-06,00:00:00,Computer Lab,Laboratory,8.36,0.0,0.0,63.2,23.0,Partly Cloudy
2026-08-06,00:00:00,Library,Library,5.71,0.0,0.0,63.7,23.0,Partly Cloudy
2026-08-06,00:00:00,Administration Block,Administrative,5.14,0.0,0.0,63.9,23.0,Partly Cloudy
2026-08-06,00:00:00,Hostel,Residential,14.35,0.0,0.0,61.8,23.0,Partly Cloudy
2026-08-06,02:00:00,Main Block,Academic,4.95,0.0,0.0,62.4,21.9,Partly Cloudy
2026-08-06,02:00:00,Computer Lab,Laboratory,5.8,0.0,0.0,61.9,21.9,Partly Cloudy
2026-08-06,02:00:00,Library,Library,3.95,0.0,0.0,62.8,21.9,Partly Cloudy
2026-08-06,02:00:00,Administration Block,Administrative,3.31,0.0,0.0,63.2,21.9,Partly Cloudy
2026-08-06,02:00:00,Hostel,Residential,14.15,0.0,0.0,58.7,21.9,Partly Cloudy
2026-08-06,04:00:00,Main Block,Academic,4.72,0.0,0.0,61.4,23.2,Partly Cloudy
2026-08-06,04:00:00,Computer Lab,Laboratory,5.59,0.0,0.0,60.7,23.2,Partly Cloudy
2026-08-06,04:00:00,Library,Library,3.86,0.0,0.0,62.0,23.2,Partly Cloudy
2026-08-06,04:00:00,Administration Block,Administrative,3.08,0.0,0.0,62.5,23.2,Partly Cloudy
2026-08-06,04:00:00,Hostel,Residential,12.97,0.0,0.0,55.8,23.2,Partly Cloudy
2026-08-06,06:00:00,Main Block,Academic,6.77,2.81,2.81,60.5,25.2,Partly Cloudy
2026-08-06,06:00:00,Computer Lab,Laboratory,8.45,2.08,2.08,59.3,25.2,Partly Cloudy
2026-08-06,06:00:00,Library,Library,5.76,2.01,2.01,61.2,25.2,Partly Cloudy
2026-08-06,06:00:00,Administration Block,Administrative,5.14,1.74,1.74,61.8,25.2,Partly Cloudy
2026-08-06,06:00:00,Hostel,Residential,35.54,1.49,1.49,48.3,25.2,Partly Cloudy
2026-08-06,08:00:00,Main Block,Academic,23.7,12.2,12.2,58.0,27.9,Partly Cloudy
2026-08-06,08:00:00,Computer Lab,Laboratory,25.97,8.67,8.67,55.5,27.9,Partly Cloudy
2026-08-06,08:00:00,Library,Library,16.42,7.71,7.71,59.3,27.9,Partly Cloudy
2026-08-06,08:00:00,Administration Block,Administrative,15.43,7.18,7.18,60.0,27.9,Partly Cloudy
2026-08-06,08:00:00,Hostel,Residential,41.08,5.76,5.76,40.5,27.9,Partly Cloudy
2026-08-06,10:00:00,Main Block,Academic,34.92,29.95,27.39,59.2,31.5,Partly Cloudy
2026-08-06,10:00:00,Computer Lab,Laboratory,44.21,20.94,20.94,50.4,31.5,Partly Cloudy
2026-08-06,10:00:00,Library,Library,28.9,20.06,20.06,57.4,31.5,Partly Cloudy
2026-08-06,10:00:00,Administration Block,Administrative,25.09,18.09,18.09,58.5,31.5,Partly Cloudy
2026-08-06,10:00:00,Hostel,Residential,18.08,13.67,13.67,39.5,31.5,Partly Cloudy
2026-08-06,12:00:00,Main Block,Academic,32.57,46.12,30.14,66.4,32.9,Partly Cloudy
2026-08-06,12:00:00,Computer Lab,Laboratory,43.74,31.87,31.87,47.8,32.9,Partly Cloudy
2026-08-06,12:00:00,Library,Library,26.65,27.75,21.3,60.3,32.9,Partly Cloudy
2026-08-06,12:00:00,Administration Block,Administrative,24.63,24.27,21.35,59.8,32.9,Partly Cloudy
2026-08-06,12:00:00,Hostel,Residential,20.1,21.26,15.96,41.9,32.9,Partly Cloudy
2026-08-06,14:00:00,Main Block,Academic,39.64,35.62,30.1,68.9,35.2,Partly Cloudy
2026-08-06,14:00:00,Computer Lab,Laboratory,46.39,29.07,29.07,44.0,35.2,Partly Cloudy
2026-08-06,14:00:00,Library,Library,30.71,23.64,23.64,58.7,35.2,Partly Cloudy
2026-08-06,14:00:00,Administration Block,Administrative,30.52,22.27,22.27,58.0,35.2,Partly Cloudy
2026-08-06,14:00:00,Hostel,Residential,19.99,17.58,17.58,41.4,35.2,Partly Cloudy
2026-08-06,16:00:00,Main Block,Academic,36.73,19.37,19.37,65.1,34.3,Partly Cloudy
2026-08-06,16:00:00,Computer Lab,Laboratory,42.81,14.91,14.91,37.9,34.3,Partly Cloudy
2026-08-06,16:00:00,Library,Library,30.78,14.17,14.17,55.0,34.3,Partly Cloudy
2026-08-06,16:00:00,Administration Block,Administrative,26.09,11.14,11.14,54.7,34.3,Partly Cloudy
2026-08-06,16:00:00,Hostel,Residential,20.02,9.73,9.73,39.1,34.3,Partly Cloudy
2026-08-06,18:00:00,Main Block,Academic,14.54,6.63,6.63,63.4,32.3,Partly Cloudy
2026-08-06,18:00:00,Computer Lab,Laboratory,20.11,4.8,4.8,34.5,32.3,Partly Cloudy
2026-08-06,18:00:00,Library,Library,11.76,3.93,3.93,53.3,32.3,Partly Cloudy
2026-08-06,18:00:00,Administration Block,Administrative,11.67,3.91,3.91,53.0,32.3,Partly Cloudy
2026-08-06,18:00:00,Hostel,Residential,36.24,3.37,3.37,31.9,32.3,Partly Cloudy
2026-08-06,20:00:00,Main Block,Academic,6.98,0.0,0.0,61.9,28.6,Partly Cloudy
2026-08-06,20:00:00,Computer Lab,Laboratory,8.15,0.0,0.0,32.7,28.6,Partly Cloudy
2026-08-06,20:00:00,Library,Library,5.73,0.0,0.0,52.0,28.6,Partly Cloudy
2026-08-06,20:00:00,Administration Block,Administrative,5.21,0.0,0.0,51.9,28.6,Partly Cloudy
2026-08-06,20:00:00,Hostel,Residential,46.07,0.0,0.0,21.8,28.6,Partly Cloudy
2026-08-06,22:00:00,Main Block,Academic,7.06,0.0,0.0,60.3,26.2,Partly Cloudy
2026-08-06,22:00:00,Computer Lab,Laboratory,8.42,0.0,0.0,30.8,26.2,Partly Cloudy
2026-08-06,22:00:00,Library,Library,5.83,0.0,0.0,50.7,26.2,Partly Cloudy
2026-08-06,22:00:00,Administration Block,Administrative,4.94,0.0,0.0,50.8,26.2,Partly Cloudy
2026-08-06,22:00:00,Hostel,Residential,41.44,0.0,0.0,12.7,26.2,Partly Cloudy
2026-08-07,00:00:00,Main Block,Academic,6.67,0.0,0.0,58.8,26.1,Sunny
2026-08-07,00:00:00,Computer Lab,Laboratory,8.49,0.0,0.0,28.9,26.1,Sunny
2026-08-07,00:00:00,Library,Library,5.94,0.0,0.0,49.4,26.1,Sunny
2026-08-07,00:00:00,Administration Block,Administrative,5.12,0.0,0.0,49.7,26.1,Sunny
2026-08-07,00:00:00,Hostel,Residential,13.37,0.0,0.0,12.0,26.1,Sunny
2026-08-07,02:00:00,Main Block,Academic,4.71,0.0,0.0,57.8,24.6,Sunny
2026-08-07,02:00:00,Computer Lab,Laboratory,6.0,0.0,0.0,27.6,24.6,Sunny
2026-08-07,02:00:00,Library,Library,4.0,0.0,0.0,48.5,24.6,Sunny
2026-08-07,02:00:00,Administration Block,Administrative,3.43,0.0,0.0,48.9,24.6,Sunny
2026-08-07,02:00:00,Hostel,Residential,14.2,0.0,0.0,12.0,24.6,Sunny
2026-08-07,04:00:00,Main Block,Academic,4.78,0.0,0.0,56.7,24.3,Sunny
2026-08-07,04:00:00,Computer Lab,Laboratory,5.6,0.0,0.0,26.4,24.3,Sunny
2026-08-07,04:00:00,Library,Library,3.89,0.0,0.0,47.6,24.3,Sunny
2026-08-07,04:00:00,Administration Block,Administrative,3.12,0.0,0.0,48.2,24.3,Sunny
2026-08-07,04:00:00,Hostel,Residential,11.85,0.0,0.0,12.0,24.3,Sunny
2026-08-07,06:00:00,Main Block,Academic,6.63,3.73,3.73,56.1,27.1,Sunny
2026-08-07,06:00:00,Computer Lab,Laboratory,8.78,2.95,2.95,25.1,27.1,Sunny
2026-08-07,06:00:00,Library,Library,5.72,2.51,2.51,46.9,27.1,Sunny
2026-08-07,06:00:00,Administration Block,Administrative,4.91,2.28,2.28,47.6,27.1,Sunny
2026-08-07,06:00:00,Hostel,Residential,37.57,2.03,2.03,12.0,27.1,Sunny
2026-08-07,08:00:00,Main Block,Academic,22.05,15.68,15.68,54.7,29.1,Sunny
2026-08-07,08:00:00,Computer Lab,Laboratory,26.87,11.49,11.49,21.7,29.1,Sunny
2026-08-07,08:00:00,Library,Library,17.38,10.35,10.35,45.4,29.1,Sunny
2026-08-07,08:00:00,Administration Block,Administrative,17.08,9.3,9.3,45.9,29.1,Sunny
2026-08-07,08:00:00,Hostel,Residential,42.29,7.48,7.48,12.0,29.1,Sunny
2026-08-07,10:00:00,Main Block,Academic,36.68,41.84,33.74,58.3,33.3,Sunny
2026-08-07,10:00:00,Computer Lab,Laboratory,40.37,29.39,29.39,19.3,33.3,Sunny
2026-08-07,10:00:00,Library,Library,26.38,24.4,21.78,46.6,33.3,Sunny
2026-08-07,10:00:00,Administration Block,Administrative,26.26,22.08,22.08,45.0,33.3,Sunny
2026-08-07,10:00:00,Hostel,Residential,18.76,19.4,17.66,12.8,33.3,Sunny
2026-08-07,12:00:00,Main Block,Academic,34.45,59.51,26.9,73.0,36.1,Sunny
2026-08-07,12:00:00,Computer Lab,Laboratory,45.88,43.71,39.39,21.2,36.1,Sunny
2026-08-07,12:00:00,Library,Library,24.93,38.88,21.2,54.6,36.1,Sunny
2026-08-07,12:00:00,Administration Block,Administrative,25.77,31.82,24.28,48.4,36.1,Sunny
2026-08-07,12:00:00,Hostel,Residential,17.63,27.4,15.32,18.2,36.1,Sunny
2026-08-07,14:00:00,Main Block,Academic,37.91,47.72,35.18,78.6,36.7,Sunny
2026-08-07,14:00:00,Computer Lab,Laboratory,50.23,38.71,38.71,18.7,36.7,Sunny
2026-08-07,14:00:00,Library,Library,31.52,33.91,29.53,56.6,36.7,Sunny
2026-08-07,14:00:00,Administration Block,Administrative,26.94,30.55,21.49,52.5,36.7,Sunny
2026-08-07,14:00:00,Hostel,Residential,18.58,26.01,15.05,23.1,36.7,Sunny
2026-08-07,16:00:00,Main Block,Academic,37.99,25.02,25.02,75.7,35.7,Sunny
2026-08-07,16:00:00,Computer Lab,Laboratory,49.29,21.62,21.62,12.6,35.7,Sunny
2026-08-07,16:00:00,Library,Library,27.38,17.21,17.21,54.4,35.7,Sunny
2026-08-07,16:00:00,Administration Block,Administrative,27.67,16.54,16.54,50.1,35.7,Sunny
2026-08-07,16:00:00,Hostel,Residential,17.87,14.08,14.08,22.3,35.7,Sunny
2026-08-07,18:00:00,Main Block,Academic,16.6,8.7,8.7,74.0,34.3,Sunny
2026-08-07,18:00:00,Computer Lab,Laboratory,20.23,6.18,6.18,12.0,34.3,Sunny
2026-08-07,18:00:00,Library,Library,12.95,5.35,5.35,52.7,34.3,Sunny
2026-08-07,18:00:00,Administration Block,Administrative,10.31,5.0,5.0,48.9,34.3,Sunny
2026-08-07,18:00:00,Hostel,Residential,39.65,4.39,4.39,14.5,34.3,Sunny
2026-08-07,20:00:00,Main Block,Academic,6.74,0.0,0.0,72.5,31.5,Sunny
2026-08-07,20:00:00,Computer Lab,Laboratory,8.73,0.0,0.0,12.0,31.5,Sunny
2026-08-07,20:00:00,Library,Library,5.86,0.0,0.0,51.4,31.5,Sunny
2026-08-07,20:00:00,Administration Block,Administrative,5.28,0.0,0.0,47.7,31.5,Sunny
2026-08-07,20:00:00,Hostel,Residential,45.78,0.0,0.0,12.0,31.5,Sunny
2026-08-07,22:00:00,Main Block,Academic,6.75,0.0,0.0,71.0,28.1,Sunny
2026-08-07,22:00:00,Computer Lab,Laboratory,8.05,0.0,0.0,12.0,28.1,Sunny
2026-08-07,22:00:00,Library,Library,5.74,0.0,0.0,50.1,28.1,Sunny
2026-08-07,22:00:00,Administration Block,Administrative,5.11,0.0,0.0,46.6,28.1,Sunny
2026-08-07,22:00:00,Hostel,Residential,41.79,0.0,0.0,12.0,28.1,Sunny
2026-08-08,00:00:00,Main Block,Academic,4.98,0.0,0.0,69.9,23.8,Partly Cloudy
2026-08-08,00:00:00,Computer Lab,Laboratory,5.81,0.0,0.0,12.0,23.8,Partly Cloudy
2026-08-08,00:00:00,Library,Library,3.69,0.0,0.0,49.3,23.8,Partly Cloudy
2026-08-08,00:00:00,Administration Block,Administrative,3.82,0.0,0.0,45.8,23.8,Partly Cloudy
2026-08-08,00:00:00,Hostel,Residential,14.37,0.0,0.0,12.0,23.8,Partly Cloudy
2026-08-08,02:00:00,Main Block,Academic,5.31,0.0,0.0,68.7,22.6,Partly Cloudy
2026-08-08,02:00:00,Computer Lab,Laboratory,110.3,0.0,0.0,12.0,22.6,Partly Cloudy
2026-08-08,02:00:00,Library,Library,3.84,0.0,0.0,48.5,22.6,Partly Cloudy
2026-08-08,02:00:00,Administration Block,Administrative,3.83,0.0,0.0,45.0,22.6,Partly Cloudy
2026-08-08,02:00:00,Hostel,Residential,15.57,0.0,0.0,12.0,22.6,Partly Cloudy
2026-08-08,04:00:00,Main Block,Academic,5.36,0.0,0.0,67.5,23.5,Partly Cloudy
2026-08-08,04:00:00,Computer Lab,Laboratory,6.01,0.0,0.0,12.0,23.5,Partly Cloudy
2026-08-08,04:00:00,Library,Library,3.71,0.0,0.0,47.7,23.5,Partly Cloudy
2026-08-08,04:00:00,Administration Block,Administrative,3.76,0.0,0.0,44.2,23.5,Partly Cloudy
2026-08-08,04:00:00,Hostel,Residential,13.12,0.0,0.0,12.0,23.5,Partly Cloudy
2026-08-08,06:00:00,Main Block,Academic,5.14,2.81,2.81,67.0,24.7,Partly Cloudy
2026-08-08,06:00:00,Computer Lab,Laboratory,6.67,2.39,2.39,12.0,24.7,Partly Cloudy
2026-08-08,06:00:00,Library,Library,4.2,1.83,1.83,47.2,24.7,Partly Cloudy
2026-08-08,06:00:00,Administration Block,Administrative,3.5,1.84,1.84,43.8,24.7,Partly Cloudy
2026-08-08,06:00:00,Hostel,Residential,38.35,1.55,1.55,12.0,24.7,Partly Cloudy
2026-08-08,08:00:00,Main Block,Academic,4.72,12.75,4.35,70.8,28.2,Partly Cloudy
2026-08-08,08:00:00,Computer Lab,Laboratory,6.02,9.49,5.07,14.0,28.2,Partly Cloudy
2026-08-08,08:00:00,Library,Library,3.84,8.41,3.05,49.6,28.2,Partly Cloudy
2026-08-08,08:00:00,Administration Block,Administrative,3.33,6.7,2.72,45.6,28.2,Partly Cloudy
2026-08-08,08:00:00,Hostel,Residential,44.4,6.46,6.46,12.0,28.2,Partly Cloudy
2026-08-08,10:00:00,Main Block,Academic,8.89,31.63,7.62,81.6,31.0,Partly Cloudy
2026-08-08,10:00:00,Computer Lab,Laboratory,12.09,20.78,11.41,18.2,31.0,Partly Cloudy
2026-08-08,10:00:00,Library,Library,6.74,21.03,5.41,56.6,31.0,Partly Cloudy
2026-08-08,10:00:00,Administration Block,Administrative,6.05,17.01,5.42,50.8,31.0,Partly Cloudy
2026-08-08,10:00:00,Hostel,Residential,19.79,14.97,14.97,12.0,31.0,Partly Cloudy
2026-08-08,12:00:00,Main Block,Academic,9.16,41.55,8.83,96.6,33.1,Partly Cloudy
2026-08-08,12:00:00,Computer Lab,Laboratory,11.38,33.48,10.22,28.7,33.1,Partly Cloudy
2026-08-08,12:00:00,Library,Library,7.3,28.19,5.58,66.8,33.1,Partly Cloudy
2026-08-08,12:00:00,Administration Block,Administrative,6.63,24.53,5.39,59.4,33.1,Partly Cloudy
2026-08-08,12:00:00,Hostel,Residential,21.54,22.32,17.45,14.2,33.1,Partly Cloudy
2026-08-08,14:00:00,Main Block,Academic,11.02,37.44,8.92,98.0,34.1,Partly Cloudy
2026-08-08,14:00:00,Computer Lab,Laboratory,13.15,28.16,12.34,35.8,34.1,Partly Cloudy
2026-08-08,14:00:00,Library,Library,9.04,26.91,7.89,75.4,34.1,Partly Cloudy
2026-08-08,14:00:00,Administration Block,Administrative,7.74,22.34,5.81,66.8,34.1,Partly Cloudy
2026-08-08,14:00:00,Hostel,Residential,19.7,18.8,17.06,15.0,34.1,Partly Cloudy
2026-08-08,16:00:00,Main Block,Academic,9.34,19.91,7.4,98.0,34.3,Partly Cloudy
2026-08-08,16:00:00,Computer Lab,Laboratory,11.7,16.0,10.64,38.2,34.3,Partly Cloudy
2026-08-08,16:00:00,Library,Library,6.99,12.54,5.96,78.4,34.3,Partly Cloudy
2026-08-08,16:00:00,Administration Block,Administrative,6.85,11.42,6.26,69.1,34.3,Partly Cloudy
2026-08-08,16:00:00,Hostel,Residential,21.22,10.31,10.31,12.6,34.3,Partly Cloudy
2026-08-08,18:00:00,Main Block,Academic,4.66,6.12,3.94,98.0,31.7,Partly Cloudy
2026-08-08,18:00:00,Computer Lab,Laboratory,6.65,4.47,4.47,37.7,31.7,Partly Cloudy
2026-08-08,18:00:00,Library,Library,4.04,4.05,3.59,78.6,31.7,Partly Cloudy
2026-08-08,18:00:00,Administration Block,Administrative,3.6,3.57,3.17,69.3,31.7,Partly Cloudy
2026-08-08,18:00:00,Hostel,Residential,35.91,3.31,3.31,12.0,31.7,Partly Cloudy
2026-08-08,20:00:00,Main Block,Academic,4.98,0.0,0.0,96.9,28.7,Partly Cloudy
2026-08-08,20:00:00,Computer Lab,Laboratory,5.97,0.0,0.0,36.4,28.7,Partly Cloudy
2026-08-08,20:00:00,Library,Library,4.25,0.0,0.0,77.7,28.7,Partly Cloudy
2026-08-08,20:00:00,Administration Block,Administrative,47.77,0.0,0.0,68.5,28.7,Partly Cloudy
2026-08-08,20:00:00,Hostel,Residential,51.71,0.0,0.0,12.0,28.7,Partly Cloudy
2026-08-08,22:00:00,Main Block,Academic,5.28,0.0,0.0,95.7,26.1,Partly Cloudy
2026-08-08,22:00:00,Computer Lab,Laboratory,6.47,0.0,0.0,35.0,26.1,Partly Cloudy
2026-08-08,22:00:00,Library,Library,4.27,0.0,0.0,76.8,26.1,Partly Cloudy
2026-08-08,22:00:00,Administration Block,Administrative,3.65,0.0,0.0,67.7,26.1,Partly Cloudy
2026-08-08,22:00:00,Hostel,Residential,46.17,0.0,0.0,12.0,26.1,Partly Cloudy
2026-08-09,00:00:00,Main Block,Academic,5.04,0.0,0.0,94.6,24.1,Partly Cloudy
2026-08-09,00:00:00,Computer Lab,Laboratory,6.63,0.0,0.0,33.5,24.1,Partly Cloudy
2026-08-09,00:00:00,Library,Library,3.99,0.0,0.0,75.9,24.1,Partly Cloudy
2026-08-09,00:00:00,Administration Block,Administrative,3.83,0.0,0.0,66.9,24.1,Partly Cloudy
2026-08-09,00:00:00,Hostel,Residential,14.03,0.0,0.0,12.0,24.1,Partly Cloudy
2026-08-09,02:00:00,Main Block,Academic,4.85,0.0,0.0,93.5,22.5,Partly Cloudy
2026-08-09,02:00:00,Computer Lab,Laboratory,6.05,0.0,0.0,32.2,22.5,Partly Cloudy
2026-08-09,02:00:00,Library,Library,4.13,0.0,0.0,75.0,22.5,Partly Cloudy
2026-08-09,02:00:00,Administration Block,Administrative,3.61,0.0,0.0,66.1,22.5,Partly Cloudy
2026-08-09,02:00:00,Hostel,Residential,15.17,0.0,0.0,12.0,22.5,Partly Cloudy
2026-08-09,04:00:00,Main Block,Academic,4.7,0.0,0.0,92.5,22.6,Partly Cloudy
2026-08-09,04:00:00,Computer Lab,Laboratory,6.08,0.0,0.0,30.9,22.6,Partly Cloudy
2026-08-09,04:00:00,Library,Library,3.85,0.0,0.0,74.2,22.6,Partly Cloudy
2026-08-09,04:00:00,Administration Block,Administrative,3.62,0.0,0.0,65.3,22.6,Partly Cloudy
2026-08-09,04:00:00,Hostel,Residential,11.65,0.0,0.0,12.0,22.6,Partly Cloudy
2026-08-09,06:00:00,Main Block,Academic,5.2,3.06,3.06,92.0,24.4,Partly Cloudy
2026-08-09,06:00:00,Computer Lab,Laboratory,6.21,2.24,2.24,30.0,24.4,Partly Cloudy
2026-08-09,06:00:00,Library,Library,3.77,1.95,1.95,73.8,24.4,Partly Cloudy
2026-08-09,06:00:00,Administration Block,Administrative,3.65,1.78,1.78,64.9,24.4,Partly Cloudy
2026-08-09,06:00:00,Hostel,Residential,37.78,1.46,1.46,12.0,24.4,Partly Cloudy
2026-08-09,08:00:00,Main Block,Academic,5.24,12.72,4.93,95.5,27.5,Partly Cloudy
2026-08-09,08:00:00,Computer Lab,Laboratory,6.22,9.39,5.34,31.8,27.5,Partly Cloudy
2026-08-09,08:00:00,Library,Library,4.03,7.69,3.2,75.8,27.5,Partly Cloudy
2026-08-09,08:00:00,Administration Block,Administrative,3.56,6.53,2.91,66.5,27.5,Partly Cloudy
2026-08-09,08:00:00,Hostel,Residential,43.15,5.94,5.94,12.0,27.5,Partly Cloudy
2026-08-09,10:00:00,Main Block,Academic,8.5,30.01,6.42,98.0,30.7,Partly Cloudy
2026-08-09,10:00:00,Computer Lab,Laboratory,11.11,22.31,8.39,38.1,30.7,Partly Cloudy
2026-08-09,10:00:00,Library,Library,7.26,18.53,6.12,81.4,30.7,Partly Cloudy
2026-08-09,10:00:00,Administration Block,Administrative,5.99,16.86,4.75,71.9,30.7,Partly Cloudy
2026-08-09,10:00:00,Hostel,Residential,19.83,15.32,15.32,12.0,30.7,Partly Cloudy
2026-08-09,12:00:00,Main Block,Academic,9.53,41.54,7.23,98.0,33.7,Partly Cloudy
2026-08-09,12:00:00,Computer Lab,Laboratory,12.22,31.64,10.75,47.5,33.7,Partly Cloudy
2026-08-09,12:00:00,Library,Library,7.43,29.46,6.69,91.6,33.7,Partly Cloudy
2026-08-09,12:00:00,Administration Block,Administrative,6.93,24.02,5.23,80.4,33.7,Partly Cloudy
2026-08-09,12:00:00,Hostel,Residential,19.27,20.35,17.03,13.5,33.7,Partly Cloudy
2026-08-09,14:00:00,Main Block,Academic,10.68,39.18,9.65,98.0,34.6,Partly Cloudy
2026-08-09,14:00:00,Computer Lab,Laboratory,13.24,28.98,11.91,55.2,34.6,Partly Cloudy
2026-08-09,14:00:00,Library,Library,8.25,26.58,7.78,98.0,34.6,Partly Cloudy
2026-08-09,14:00:00,Administration Block,Administrative,7.49,20.55,6.08,86.9,34.6,Partly Cloudy
2026-08-09,14:00:00,Hostel,Residential,20.98,20.34,17.4,14.8,34.6,Partly Cloudy
2026-08-09,16:00:00,Main Block,Academic,8.76,20.68,7.67,98.0,34.4,Partly Cloudy
2026-08-09,16:00:00,Computer Lab,Laboratory,11.0,15.7,10.12,57.7,34.4,Partly Cloudy
2026-08-09,16:00:00,Library,Library,7.5,12.61,7.1,98.0,34.4,Partly Cloudy
2026-08-09,16:00:00,Administration Block,Administrative,7.02,11.44,5.87,89.4,34.4,Partly Cloudy
2026-08-09,16:00:00,Hostel,Residential,19.98,10.05,10.05,12.6,34.4,Partly Cloudy
2026-08-09,18:00:00,Main Block,Academic,5.3,5.99,4.99,98.0,32.7,Partly Cloudy
2026-08-09,18:00:00,Computer Lab,Laboratory,6.44,5.02,5.02,57.4,32.7,Partly Cloudy
2026-08-09,18:00:00,Library,Library,3.92,4.4,3.7,98.0,32.7,Partly Cloudy
2026-08-09,18:00:00,Administration Block,Administrative,3.47,3.89,2.98,89.8,32.7,Partly Cloudy
2026-08-09,18:00:00,Hostel,Residential,38.89,3.16,3.16,12.0,32.7,Partly Cloudy
2026-08-09,20:00:00,Main Block,Academic,5.32,0.0,0.0,96.8,28.9,Partly Cloudy
2026-08-09,20:00:00,Computer Lab,Laboratory,6.63,0.0,0.0,55.9,28.9,Partly Cloudy
2026-08-09,20:00:00,Library,Library,3.7,0.0,0.0,97.2,28.9,Partly Cloudy
2026-08-09,20:00:00,Administration Block,Administrative,3.82,0.0,0.0,89.0,28.9,Partly Cloudy
2026-08-09,20:00:00,Hostel,Residential,48.7,0.0,0.0,12.0,28.9,Partly Cloudy
2026-08-09,22:00:00,Main Block,Academic,4.94,0.0,0.0,95.7,26.4,Partly Cloudy
2026-08-09,22:00:00,Computer Lab,Laboratory,5.82,0.0,0.0,54.6,26.4,Partly Cloudy
2026-08-09,22:00:00,Library,Library,4.18,0.0,0.0,96.3,26.4,Partly Cloudy
2026-08-09,22:00:00,Administration Block,Administrative,3.42,0.0,0.0,88.2,26.4,Partly Cloudy
2026-08-09,22:00:00,Hostel,Residential,45.52,0.0,0.0,12.0,26.4,Partly Cloudy
2026-08-10,00:00:00,Main Block,Academic,7.23,0.0,0.0,94.1,26.3,Sunny
2026-08-10,00:00:00,Computer Lab,Laboratory,8.44,0.0,0.0,52.7,26.3,Sunny
2026-08-10,00:00:00,Library,Library,5.07,0.0,0.0,95.2,26.3,Sunny
2026-08-10,00:00:00,Administration Block,Administrative,5.36,0.0,0.0,87.0,26.3,Sunny
2026-08-10,00:00:00,Hostel,Residential,12.6,0.0,0.0,12.0,26.3,Sunny
2026-08-10,02:00:00,Main Block,Academic,5.01,0.0,0.0,93.0,24.9,Sunny
2026-08-10,02:00:00,Computer Lab,Laboratory,6.53,0.0,0.0,51.3,24.9,Sunny
2026-08-10,02:00:00,Library,Library,4.03,0.0,0.0,94.3,24.9,Sunny
2026-08-10,02:00:00,Administration Block,Administrative,3.58,0.0,0.0,86.2,24.9,Sunny
2026-08-10,02:00:00,Hostel,Residential,15.56,0.0,0.0,12.0,24.9,Sunny
2026-08-10,04:00:00,Main Block,Academic,4.48,0.0,0.0,92.0,24.3,Sunny
2026-08-10,04:00:00,Computer Lab,Laboratory,6.04,0.0,0.0,50.0,24.3,Sunny
2026-08-10,04:00:00,Library,Library,3.73,0.0,0.0,93.5,24.3,Sunny
2026-08-10,04:00:00,Administration Block,Administrative,3.33,0.0,0.0,85.5,24.3,Sunny
2026-08-10,04:00:00,Hostel,Residential,12.43,0.0,0.0,12.0,24.3,Sunny
2026-08-10,06:00:00,Main Block,Academic,7.22,3.85,3.85,91.3,26.7,Sunny
2026-08-10,06:00:00,Computer Lab,Laboratory,8.36,2.85,2.85,48.8,26.7,Sunny
2026-08-10,06:00:00,Library,Library,5.19,2.48,2.48,92.9,26.7,Sunny
2026-08-10,06:00:00,Administration Block,Administrative,5.17,2.19,2.19,84.8,26.7,Sunny
2026-08-10,06:00:00,Hostel,Residential,36.15,2.04,2.04,12.0,26.7,Sunny
2026-08-10,08:00:00,Main Block,Academic,21.62,15.09,15.09,89.9,29.8,Sunny
2026-08-10,08:00:00,Computer Lab,Laboratory,26.78,11.47,11.47,45.4,29.8,Sunny
2026-08-10,08:00:00,Library,Library,17.7,10.35,10.35,91.3,29.8,Sunny
2026-08-10,08:00:00,Administration Block,Administrative,16.14,9.66,9.66,83.4,29.8,Sunny
2026-08-10,08:00:00,Hostel,Residential,44.43,8.03,8.03,12.0,29.8,Sunny
2026-08-10,10:00:00,Main Block,Academic,33.95,38.91,26.71,95.4,32.9,Sunny
2026-08-10,10:00:00,Computer Lab,Laboratory,39.58,31.45,31.45,43.6,32.9,Sunny
2026-08-10,10:00:00,Library,Library,28.19,25.78,21.56,93.2,32.9,Sunny
2026-08-10,10:00:00,Administration Block,Administrative,24.87,21.33,19.39,84.3,32.9,Sunny
2026-08-10,10:00:00,Hostel,Residential,19.09,19.04,18.11,12.4,32.9,Sunny
2026-08-10,12:00:00,Main Block,Academic,35.59,58.52,32.32,98.0,34.6,Sunny
2026-08-10,12:00:00,Computer Lab,Laboratory,42.84,42.85,35.92,46.7,34.6,Sunny
2026-08-10,12:00:00,Library,Library,28.93,37.23,25.29,98.0,34.6,Sunny
2026-08-10,12:00:00,Administration Block,Administrative,24.82,34.83,23.32,89.5,34.6,Sunny
2026-08-10,12:00:00,Hostel,Residential,18.02,27.51,15.9,17.6,34.6,Sunny
2026-08-10,14:00:00,Main Block,Academic,37.52,47.37,28.16,98.0,35.9,Sunny
2026-08-10,14:00:00,Computer Lab,Laboratory,50.22,36.79,36.79,43.7,35.9,Sunny
2026-08-10,14:00:00,Library,Library,32.13,34.84,27.02,98.0,35.9,Sunny
2026-08-10,14:00:00,Administration Block,Administrative,29.12,31.49,26.43,91.8,35.9,Sunny
2026-08-10,14:00:00,Hostel,Residential,19.28,25.97,18.06,21.2,35.9,Sunny
2026-08-10,16:00:00,Main Block,Academic,36.78,27.39,27.39,95.9,35.9,Sunny
2026-08-10,16:00:00,Computer Lab,Laboratory,48.03,18.76,18.76,37.3,35.9,Sunny
2026-08-10,16:00:00,Library,Library,27.81,18.54,18.54,96.0,35.9,Sunny
2026-08-10,16:00:00,Administration Block,Administrative,25.2,14.72,14.72,89.5,35.9,Sunny
2026-08-10,16:00:00,Hostel,Residential,19.5,14.3,14.3,20.1,35.9,Sunny
2026-08-10,18:00:00,Main Block,Academic,14.37,7.9,7.9,94.5,34.1,Sunny
2026-08-10,18:00:00,Computer Lab,Laboratory,18.7,6.13,6.13,34.5,34.1,Sunny
2026-08-10,18:00:00,Library,Library,12.99,5.96,5.96,94.5,34.1,Sunny
2026-08-10,18:00:00,Administration Block,Administrative,11.79,5.34,5.34,88.1,34.1,Sunny
2026-08-10,18:00:00,Hostel,Residential,37.56,3.95,3.95,12.7,34.1,Sunny
2026-08-10,20:00:00,Main Block,Academic,7.17,0.0,0.0,92.9,31.2,Sunny
2026-08-10,20:00:00,Computer Lab,Laboratory,9.33,0.0,0.0,32.4,31.2,Sunny
2026-08-10,20:00:00,Library,Library,5.22,0.0,0.0,93.4,31.2,Sunny
2026-08-10,20:00:00,Administration Block,Administrative,5.07,0.0,0.0,87.0,31.2,Sunny
2026-08-10,20:00:00,Hostel,Residential,50.03,0.0,0.0,12.0,31.2,Sunny
2026-08-10,22:00:00,Main Block,Academic,6.54,0.0,0.0,91.5,28.2,Sunny
2026-08-10,22:00:00,Computer Lab,Laboratory,8.54,0.0,0.0,30.5,28.2,Sunny
2026-08-10,22:00:00,Library,Library,5.35,0.0,0.0,92.2,28.2,Sunny
2026-08-10,22:00:00,Administration Block,Administrative,5.14,0.0,0.0,85.9,28.2,Sunny
2026-08-10,22:00:00,Hostel,Residential,45.93,0.0,0.0,12.0,28.2,Sunny
2026-08-11,00:00:00,Main Block,Academic,6.76,0.0,0.0,90.0,26.0,Sunny
2026-08-11,00:00:00,Computer Lab,Laboratory,9.37,0.0,0.0,28.4,26.0,Sunny
2026-08-11,00:00:00,Library,Library,5.78,0.0,0.0,90.9,26.0,Sunny
2026-08-11,00:00:00,Administration Block,Administrative,5.04,0.0,0.0,84.8,26.0,Sunny
2026-08-11,00:00:00,Hostel,Residential,13.4,0.0,0.0,12.0,26.0,Sunny
2026-08-11,02:00:00,Main Block,Academic,4.88,0.0,0.0,88.9,24.3,Sunny
2026-08-11,02:00:00,Computer Lab,Laboratory,6.74,0.0,0.0,26.9,24.3,Sunny
2026-08-11,02:00:00,Library,Library,3.95,0.0,0.0,90.0,24.3,Sunny
2026-08-11,02:00:00,Administration Block,Administrative,3.86,0.0,0.0,84.0,24.3,Sunny
2026-08-11,02:00:00,Hostel,Residential,15.24,0.0,0.0,12.0,24.3,Sunny
2026-08-11,04:00:00,Main Block,Academic,4.62,0.0,0.0,87.9,25.0,Sunny
2026-08-11,04:00:00,Computer Lab,Laboratory,5.56,0.0,0.0,25.7,25.0,Sunny
2026-08-11,04:00:00,Library,Library,3.83,0.0,0.0,89.2,25.0,Sunny
2026-08-11,04:00:00,Administration Block,Administrative,3.41,0.0,0.0,83.2,25.0,Sunny
2026-08-11,04:00:00,Hostel,Residential,12.88,0.0,0.0,12.0,25.0,Sunny
2026-08-11,06:00:00,Main Block,Academic,7.0,4.21,4.21,87.3,26.4,Sunny
2026-08-11,06:00:00,Computer Lab,Laboratory,8.96,2.79,2.79,24.3,26.4,Sunny
2026-08-11,06:00:00,Library,Library,5.55,2.53,2.53,88.5,26.4,Sunny
2026-08-11,06:00:00,Administration Block,Administrative,5.0,2.32,2.32,82.6,26.4,Sunny
2026-08-11,06:00:00,Hostel,Residential,39.1,2.1,2.1,12.0,26.4,Sunny
2026-08-11,08:00:00,Main Block,Academic,23.59,16.08,16.08,85.6,29.1,Sunny
2026-08-11,08:00:00,Computer Lab,Laboratory,28.04,11.64,11.64,20.7,29.1,Sunny
2026-08-11,08:00:00,Library,Library,18.95,10.3,10.3,86.6,29.1,Sunny
2026-08-11,08:00:00,Administration Block,Administrative,15.7,9.99,9.99,81.3,29.1,Sunny
2026-08-11,08:00:00,Hostel,Residential,44.5,8.49,8.49,12.0,29.1,Sunny
2026-08-11,10:00:00,Main Block,Academic,33.65,41.89,28.65,91.6,33.3,Sunny
2026-08-11,10:00:00,Computer Lab,Laboratory,44.83,28.47,28.47,17.1,33.3,Sunny
2026-08-11,10:00:00,Library,Library,27.18,28.19,23.05,88.9,33.3,Sunny
2026-08-11,10:00:00,Administration Block,Administrative,23.0,23.04,18.84,83.2,33.3,Sunny
2026-08-11,10:00:00,Hostel,Residential,19.06,19.77,16.03,13.7,33.3,Sunny
2026-08-11,12:00:00,Main Block,Academic,32.45,59.32,28.05,98.0,35.0,Sunny
2026-08-11,12:00:00,Computer Lab,Laboratory,44.56,40.15,40.06,17.1,35.0,Sunny
2026-08-11,12:00:00,Library,Library,28.17,37.71,24.87,94.7,35.0,Sunny
2026-08-11,12:00:00,Administration Block,Administrative,25.64,36.07,21.77,89.6,35.0,Sunny
2026-08-11,12:00:00,Hostel,Residential,17.5,28.8,15.19,19.8,35.0,Sunny
2026-08-11,14:00:00,Main Block,Academic,41.95,50.21,35.88,98.0,37.0,Sunny
2026-08-11,14:00:00,Computer Lab,Laboratory,51.24,37.48,37.48,14.1,37.0,Sunny
2026-08-11,14:00:00,Library,Library,29.38,33.63,27.73,97.4,37.0,Sunny
2026-08-11,14:00:00,Administration Block,Administrative,27.54,30.44,24.23,92.4,37.0,Sunny
2026-08-11,14:00:00,Hostel,Residential,19.96,26.71,18.4,23.5,37.0,Sunny
2026-08-11,16:00:00,Main Block,Academic,35.45,27.68,27.68,96.3,35.9,Sunny
2026-08-11,16:00:00,Computer Lab,Laboratory,48.37,18.65,18.65,12.0,35.9,Sunny
2026-08-11,16:00:00,Library,Library,29.3,19.01,19.01,95.1,35.9,Sunny
2026-08-11,16:00:00,Administration Block,Administrative,27.11,15.46,15.46,89.8,35.9,Sunny
2026-08-11,16:00:00,Hostel,Residential,19.3,14.16,14.16,22.4,35.9,Sunny
2026-08-11,18:00:00,Main Block,Academic,16.39,7.9,7.9,94.4,34.5,Sunny
2026-08-11,18:00:00,Computer Lab,Laboratory,18.61,6.25,6.25,12.0,34.5,Sunny
2026-08-11,18:00:00,Library,Library,12.16,5.72,5.72,93.7,34.5,Sunny
2026-08-11,18:00:00,Administration Block,Administrative,10.42,4.64,4.64,88.5,34.5,Sunny
2026-08-11,18:00:00,Hostel,Residential,39.74,4.08,4.08,14.6,34.5,Sunny
2026-08-11,20:00:00,Main Block,Academic,6.96,0.0,0.0,92.9,30.7,Sunny
2026-08-11,20:00:00,Computer Lab,Laboratory,8.41,0.0,0.0,12.0,30.7,Sunny
2026-08-11,20:00:00,Library,Library,5.28,0.0,0.0,92.5,30.7,Sunny
2026-08-11,20:00:00,Administration Block,Administrative,4.61,0.0,0.0,87.5,30.7,Sunny
2026-08-11,20:00:00,Hostel,Residential,51.36,0.0,0.0,12.0,30.7,Sunny
2026-08-11,22:00:00,Main Block,Academic,7.2,0.0,0.0,91.3,28.8,Sunny
2026-08-11,22:00:00,Computer Lab,Laboratory,8.27,0.0,0.0,12.0,28.8,Sunny
2026-08-11,22:00:00,Library,Library,5.45,0.0,0.0,91.3,28.8,Sunny
2026-08-11,22:00:00,Administration Block,Administrative,4.88,0.0,0.0,86.4,28.8,Sunny
2026-08-11,22:00:00,Hostel,Residential,44.06,0.0,0.0,12.0,28.8,Sunny
2026-08-12,00:00:00,Main Block,Academic,6.72,0.0,0.0,89.8,23.6,Partly Cloudy
2026-08-12,00:00:00,Computer Lab,Laboratory,9.23,0.0,0.0,12.0,23.6,Partly Cloudy
2026-08-12,00:00:00,Library,Library,5.24,0.0,0.0,90.1,23.6,Partly Cloudy
2026-08-12,00:00:00,Administration Block,Administrative,4.91,0.0,0.0,85.3,23.6,Partly Cloudy
2026-08-12,00:00:00,Hostel,Residential,13.46,0.0,0.0,12.0,23.6,Partly Cloudy
2026-08-12,02:00:00,Main Block,Academic,5.08,0.0,0.0,88.7,22.1,Partly Cloudy
2026-08-12,02:00:00,Computer Lab,Laboratory,6.35,0.0,0.0,12.0,22.1,Partly Cloudy
2026-08-12,02:00:00,Library,Library,3.81,0.0,0.0,89.3,22.1,Partly Cloudy
2026-08-12,02:00:00,Administration Block,Administrative,3.86,0.0,0.0,84.5,22.1,Partly Cloudy
2026-08-12,02:00:00,Hostel,Residential,15.24,0.0,0.0,12.0,22.1,Partly Cloudy
2026-08-12,04:00:00,Main Block,Academic,4.73,0.0,0.0,87.7,22.6,Partly Cloudy
2026-08-12,04:00:00,Computer Lab,Laboratory,6.03,0.0,0.0,12.0,22.6,Partly Cloudy
2026-08-12,04:00:00,Library,Library,3.42,0.0,0.0,88.5,22.6,Partly Cloudy
2026-08-12,04:00:00,Administration Block,Administrative,3.4,0.0,0.0,83.8,22.6,Partly Cloudy
2026-08-12,04:00:00,Hostel,Residential,12.36,0.0,0.0,12.0,22.6,Partly Cloudy
2026-08-12,06:00:00,Main Block,Academic,6.71,3.1,3.1,86.9,25.5,Partly Cloudy
2026-08-12,06:00:00,Computer Lab,Laboratory,8.48,2.27,2.27,12.0,25.5,Partly Cloudy
2026-08-12,06:00:00,Library,Library,5.61,2.04,2.04,87.7,25.5,Partly Cloudy
2026-08-12,06:00:00,Administration Block,Administrative,5.23,1.76,1.76,83.0,25.5,Partly Cloudy
2026-08-12,06:00:00,Hostel,Residential,37.09,1.44,1.44,12.0,25.5,Partly Cloudy
2026-08-12,08:00:00,Main Block,Academic,23.23,11.3,11.3,84.3,27.8,Partly Cloudy
2026-08-12,08:00:00,Computer Lab,Laboratory,29.11,8.59,8.59,12.0,27.8,Partly Cloudy
2026-08-12,08:00:00,Library,Library,17.71,8.62,8.62,85.7,27.8,Partly Cloudy
2026-08-12,08:00:00,Administration Block,Administrative,17.06,7.39,7.39,80.9,27.8,Partly Cloudy
2026-08-12,08:00:00,Hostel,Residential,44.13,6.01,6.01,12.0,27.8,Partly Cloudy
2026-08-12,10:00:00,Main Block,Academic,33.23,27.71,27.71,83.1,31.2,Partly Cloudy
2026-08-12,10:00:00,Computer Lab,Laboratory,40.19,23.67,23.67,12.0,31.2,Partly Cloudy
2026-08-12,10:00:00,Library,Library,27.77,21.08,21.08,84.2,31.2,Partly Cloudy
2026-08-12,10:00:00,Administration Block,Administrative,25.56,16.83,16.83,79.0,31.2,Partly Cloudy
2026-08-12,10:00:00,Hostel,Residential,17.43,14.81,14.66,12.1,31.2,Partly Cloudy
2026-08-12,12:00:00,Main Block,Academic,35.09,43.74,32.09,88.3,33.5,Partly Cloudy
2026-08-12,12:00:00,Computer Lab,Laboratory,40.01,31.06,30.21,12.4,33.5,Partly Cloudy
2026-08-12,12:00:00,Library,Library,28.48,29.06,26.57,85.3,33.5,Partly Cloudy
2026-08-12,12:00:00,Administration Block,Administrative,23.3,23.5,21.31,80.0,33.5,Partly Cloudy
2026-08-12,12:00:00,Hostel,Residential,20.14,20.93,16.75,14.0,33.5,Partly Cloudy
2026-08-12,14:00:00,Main Block,Academic,42.41,36.87,35.99,88.7,33.9,Partly Cloudy
2026-08-12,14:00:00,Computer Lab,Laboratory,46.29,30.21,30.21,12.0,33.9,Partly Cloudy
2026-08-12,14:00:00,Library,Library,30.87,26.0,26.0,84.2,33.9,Partly Cloudy
2026-08-12,14:00:00,Administration Block,Administrative,30.29,21.9,21.9,78.2,33.9,Partly Cloudy
2026-08-12,14:00:00,Hostel,Residential,17.86,18.76,13.75,16.3,33.9,Partly Cloudy
2026-08-12,16:00:00,Main Block,Academic,35.98,21.48,21.48,85.5,34.0,Partly Cloudy
2026-08-12,16:00:00,Computer Lab,Laboratory,44.7,14.93,14.93,12.0,34.0,Partly Cloudy
2026-08-12,16:00:00,Library,Library,30.32,12.57,12.57,80.3,34.0,Partly Cloudy
2026-08-12,16:00:00,Administration Block,Administrative,26.27,12.58,12.58,75.2,34.0,Partly Cloudy
2026-08-12,16:00:00,Hostel,Residential,18.59,9.56,9.56,14.3,34.0,Partly Cloudy
2026-08-12,18:00:00,Main Block,Academic,15.29,6.53,6.53,83.6,32.7,Partly Cloudy
2026-08-12,18:00:00,Computer Lab,Laboratory,19.55,4.43,4.43,12.0,32.7,Partly Cloudy
2026-08-12,18:00:00,Library,Library,11.6,4.0,4.0,78.6,32.7,Partly Cloudy
2026-08-12,18:00:00,Administration Block,Administrative,10.24,3.87,3.87,73.8,32.7,Partly Cloudy
2026-08-12,18:00:00,Hostel,Residential,37.22,3.37,3.37,12.0,32.7,Partly Cloudy
2026-08-12,20:00:00,Main Block,Academic,7.45,0.0,0.0,82.0,28.7,Partly Cloudy
2026-08-12,20:00:00,Computer Lab,Laboratory,8.05,0.0,0.0,12.0,28.7,Partly Cloudy
2026-08-12,20:00:00,Library,Library,5.82,0.0,0.0,77.3,28.7,Partly Cloudy
2026-08-12,20:00:00,Administration Block,Administrative,4.72,0.0,0.0,72.8,28.7,Partly Cloudy
2026-08-12,20:00:00,Hostel,Residential,46.08,0.0,0.0,12.0,28.7,Partly Cloudy
2026-08-12,22:00:00,Main Block,Academic,6.64,0.0,0.0,80.5,25.8,Partly Cloudy
2026-08-12,22:00:00,Computer Lab,Laboratory,8.98,0.0,0.0,12.0,25.8,Partly Cloudy
2026-08-12,22:00:00,Library,Library,5.08,0.0,0.0,76.2,25.8,Partly Cloudy
2026-08-12,22:00:00,Administration Block,Administrative,4.61,0.0,0.0,71.8,25.8,Partly Cloudy
2026-08-12,22:00:00,Hostel,Residential,45.46,0.0,0.0,12.0,25.8,Partly Cloudy
2026-08-13,00:00:00,Main Block,Academic,6.64,0.0,0.0,79.0,25.5,Sunny
2026-08-13,00:00:00,Computer Lab,Laboratory,8.12,0.0,0.0,12.0,25.5,Sunny
2026-08-13,00:00:00,Library,Library,5.71,0.0,0.0,74.9,25.5,Sunny
2026-08-13,00:00:00,Administration Block,Administrative,5.02,0.0,0.0,70.7,25.5,Sunny
2026-08-13,00:00:00,Hostel,Residential,14.03,0.0,0.0,12.0,25.5,Sunny
2026-08-13,02:00:00,Main Block,Academic,5.24,0.0,0.0,77.8,24.5,Sunny
2026-08-13,02:00:00,Computer Lab,Laboratory,117.68,0.0,0.0,12.0,24.5,Sunny
2026-08-13,02:00:00,Library,Library,4.22,0.0,0.0,74.0,24.5,Sunny
2026-08-13,02:00:00,Administration Block,Administrative,3.32,0.0,0.0,70.0,24.5,Sunny
2026-08-13,02:00:00,Hostel,Residential,15.54,0.0,0.0,12.0,24.5,Sunny
2026-08-13,04:00:00,Main Block,Academic,4.7,0.0,0.0,76.8,25.5,Sunny
2026-08-13,04:00:00,Computer Lab,Laboratory,5.82,0.0,0.0,12.0,25.5,Sunny
2026-08-13,04:00:00,Library,Library,3.42,0.0,0.0,73.2,25.5,Sunny
2026-08-13,04:00:00,Administration Block,Administrative,3.34,0.0,0.0,69.3,25.5,Sunny
2026-08-13,04:00:00,Hostel,Residential,12.17,0.0,0.0,12.0,25.5,Sunny
2026-08-13,06:00:00,Main Block,Academic,6.93,4.2,4.2,76.2,27.1,Sunny
2026-08-13,06:00:00,Computer Lab,Laboratory,8.1,3.01,3.01,12.0,27.1,Sunny
2026-08-13,06:00:00,Library,Library,5.26,2.69,2.69,72.6,27.1,Sunny
2026-08-13,06:00:00,Administration Block,Administrative,4.82,2.48,2.48,68.8,27.1,Sunny
2026-08-13,06:00:00,Hostel,Residential,35.97,2.01,2.01,12.0,27.1,Sunny
2026-08-13,08:00:00,Main Block,Academic,23.66,16.45,16.45,74.6,30.0,Sunny
2026-08-13,08:00:00,Computer Lab,Laboratory,28.99,11.53,11.53,12.0,30.0,Sunny
2026-08-13,08:00:00,Library,Library,16.84,10.45,10.45,71.2,30.0,Sunny
2026-08-13,08:00:00,Administration Block,Administrative,15.78,8.8,8.8,67.3,30.0,Sunny
2026-08-13,08:00:00,Hostel,Residential,43.06,7.88,7.88,12.0,30.0,Sunny
2026-08-13,10:00:00,Main Block,Academic,31.75,41.27,24.4,82.2,33.5,Sunny
2026-08-13,10:00:00,Computer Lab,Laboratory,39.89,30.53,30.53,12.0,33.5,Sunny
2026-08-13,10:00:00,Library,Library,27.05,26.53,23.33,72.6,33.5,Sunny
2026-08-13,10:00:00,Administration Block,Administrative,23.7,21.58,19.45,68.3,33.5,Sunny
2026-08-13,10:00:00,Hostel,Residential,19.4,20.39,17.92,13.1,33.5,Sunny
2026-08-13,12:00:00,Main Block,Academic,36.71,58.46,30.11,95.0,35.6,Sunny
2026-08-13,12:00:00,Computer Lab,Laboratory,40.72,44.22,32.37,17.3,35.6,Sunny
2026-08-13,12:00:00,Library,Library,28.31,37.6,25.55,78.0,35.6,Sunny
2026-08-13,12:00:00,Administration Block,Administrative,24.68,35.17,22.68,73.9,35.6,Sunny
2026-08-13,12:00:00,Hostel,Residential,20.34,30.2,17.75,18.7,35.6,Sunny
2026-08-13,14:00:00,Main Block,Academic,36.58,54.03,33.5,98.0,36.7,Sunny
2026-08-13,14:00:00,Computer Lab,Laboratory,46.95,39.2,38.11,17.8,36.7,Sunny
2026-08-13,14:00:00,Library,Library,30.3,31.22,28.0,79.4,36.7,Sunny
2026-08-13,14:00:00,Administration Block,Administrative,28.57,29.11,22.24,77.0,36.7,Sunny
2026-08-13,14:00:00,Hostel,Residential,19.3,23.51,17.35,21.5,36.7,Sunny
2026-08-13,16:00:00,Main Block,Academic,36.05,26.13,26.13,95.8,35.6,Sunny
2026-08-13,16:00:00,Computer Lab,Laboratory,47.27,20.94,20.94,12.0,35.6,Sunny
2026-08-13,16:00:00,Library,Library,26.79,16.63,16.63,77.2,35.6,Sunny
2026-08-13,16:00:00,Administration Block,Administrative,26.58,16.04,16.04,74.7,35.6,Sunny
2026-08-13,16:00:00,Hostel,Residential,19.39,13.36,13.36,20.2,35.6,Sunny
2026-08-13,18:00:00,Main Block,Academic,16.03,7.99,7.99,94.0,33.8,Sunny
2026-08-13,18:00:00,Computer Lab,Laboratory,18.58,6.55,6.55,12.0,33.8,Sunny
2026-08-13,18:00:00,Library,Library,12.42,5.27,5.27,75.6,33.8,Sunny
2026-08-13,18:00:00,Administration Block,Administrative,11.17,4.58,4.58,73.3,33.8,Sunny
2026-08-13,18:00:00,Hostel,Residential,37.19,4.01,4.01,12.9,33.8,Sunny
2026-08-13,20:00:00,Main Block,Academic,6.45,0.0,0.0,92.6,31.0,Sunny
2026-08-13,20:00:00,Computer Lab,Laboratory,9.1,0.0,0.0,12.0,31.0,Sunny
2026-08-13,20:00:00,Library,Library,5.21,0.0,0.0,74.5,31.0,Sunny
2026-08-13,20:00:00,Administration Block,Administrative,4.9,0.0,0.0,72.2,31.0,Sunny
2026-08-13,20:00:00,Hostel,Residential,50.57,0.0,0.0,12.0,31.0,Sunny
2026-08-13,22:00:00,Main Block,Academic,7.37,0.0,0.0,91.0,28.2,Sunny
2026-08-13,22:00:00,Computer Lab,Laboratory,9.18,0.0,0.0,12.0,28.2,Sunny
2026-08-13,22:00:00,Library,Library,5.12,0.0,0.0,73.4,28.2,Sunny
2026-08-13,22:00:00,Administration Block,Administrative,5.29,0.0,0.0,71.0,28.2,Sunny
2026-08-13,22:00:00,Hostel,Residential,40.27,0.0,0.0,12.0,28.2,Sunny
2026-08-14,00:00:00,Main Block,Academic,7.41,0.0,0.0,89.4,26.4,Sunny
2026-08-14,00:00:00,Computer Lab,Laboratory,8.86,0.0,0.0,12.0,26.4,Sunny
2026-08-14,00:00:00,Library,Library,5.56,0.0,0.0,72.2,26.4,Sunny
2026-08-14,00:00:00,Administration Block,Administrative,5.17,0.0,0.0,69.9,26.4,Sunny
2026-08-14,00:00:00,Hostel,Residential,13.32,0.0,0.0,12.0,26.4,Sunny
2026-08-14,02:00:00,Main Block,Academic,4.63,0.0,0.0,88.4,23.9,Sunny
2026-08-14,02:00:00,Computer Lab,Laboratory,6.1,0.0,0.0,12.0,23.9,Sunny
2026-08-14,02:00:00,Library,Library,4.02,0.0,0.0,71.3,23.9,Sunny
2026-08-14,02:00:00,Administration Block,Administrative,3.77,0.0,0.0,69.1,23.9,Sunny
2026-08-14,02:00:00,Hostel,Residential,15.86,0.0,0.0,12.0,23.9,Sunny
2026-08-14,04:00:00,Main Block,Academic,4.94,0.0,0.0,87.3,24.3,Sunny
2026-08-14,04:00:00,Computer Lab,Laboratory,5.62,0.0,0.0,12.0,24.3,Sunny
2026-08-14,04:00:00,Library,Library,3.7,0.0,0.0,70.5,24.3,Sunny
2026-08-14,04:00:00,Administration Block,Administrative,3.29,0.0,0.0,68.4,24.3,Sunny
2026-08-14,04:00:00,Hostel,Residential,11.99,0.0,0.0,12.0,24.3,Sunny
2026-08-14,06:00:00,Main Block,Academic,6.76,3.75,3.75,86.6,26.6,Sunny
2026-08-14,06:00:00,Computer Lab,Laboratory,8.14,2.97,2.97,12.0,26.6,Sunny
2026-08-14,06:00:00,Library,Library,5.32,2.73,2.73,69.9,26.6,Sunny
2026-08-14,06:00:00,Administration Block,Administrative,5.21,2.21,2.21,67.7,26.6,Sunny
2026-08-14,06:00:00,Hostel,Residential,34.49,2.01,2.01,12.0,26.6,Sunny
2026-08-14,08:00:00,Main Block,Academic,21.24,16.75,16.75,85.6,30.0,Sunny
2026-08-14,08:00:00,Computer Lab,Laboratory,29.14,12.54,12.54,12.0,30.0,Sunny
2026-08-14,08:00:00,Library,Library,18.79,10.83,10.83,68.1,30.0,Sunny
2026-08-14,08:00:00,Administration Block,Administrative,16.32,9.91,9.91,66.3,30.0,Sunny
2026-08-14,08:00:00,Hostel,Residential,39.61,7.51,7.51,12.0,30.0,Sunny
2026-08-14,10:00:00,Main Block,Academic,32.89,36.59,28.0,89.5,32.5,Sunny
2026-08-14,10:00:00,Computer Lab,Laboratory,41.35,29.23,29.23,12.0,32.5,Sunny
2026-08-14,10:00:00,Library,Library,28.23,24.47,24.47,67.3,32.5,Sunny
2026-08-14,10:00:00,Administration Block,Administrative,25.75,23.31,21.92,66.9,32.5,Sunny
2026-08-14,10:00:00,Hostel,Residential,18.79,19.8,17.07,13.2,32.5,Sunny
2026-08-14,12:00:00,Main Block,Academic,33.87,60.32,29.82,98.0,35.9,Sunny
2026-08-14,12:00:00,Computer Lab,Laboratory,42.52,40.86,32.42,15.8,35.9,Sunny
2026-08-14,12:00:00,Library,Library,28.54,37.46,25.48,72.7,35.9,Sunny
2026-08-14,12:00:00,Administration Block,Administrative,24.41,31.89,19.52,72.5,35.9,Sunny
2026-08-14,12:00:00,Hostel,Residential,18.71,28.52,15.99,18.8,35.9,Sunny
2026-08-14,14:00:00,Main Block,Academic,38.78,48.99,32.26,98.0,35.9,Sunny
2026-08-14,14:00:00,Computer Lab,Laboratory,50.25,39.7,39.7,13.5,35.9,Sunny
2026-08-14,14:00:00,Library,Library,28.94,31.68,25.63,75.4,35.9,Sunny
2026-08-14,14:00:00,Administration Block,Administrative,27.3,30.58,24.06,75.4,35.9,Sunny
2026-08-14,14:00:00,Hostel,Residential,20.13,26.8,16.44,23.5,35.9,Sunny
2026-08-14,16:00:00,Main Block,Academic,34.42,26.16,26.16,96.2,36.2,Sunny
2026-08-14,16:00:00,Computer Lab,Laboratory,47.1,19.75,19.75,12.0,36.2,Sunny
2026-08-14,16:00:00,Library,Library,30.7,17.33,17.33,72.5,36.2,Sunny
2026-08-14,16:00:00,Administration Block,Administrative,27.3,16.38,16.38,73.0,36.2,Sunny
2026-08-14,16:00:00,Hostel,Residential,19.89,13.88,13.88,22.2,36.2,Sunny
2026-08-14,18:00:00,Main Block,Academic,15.76,8.4,8.4,94.6,34.2,Sunny
2026-08-14,18:00:00,Computer Lab,Laboratory,18.83,6.06,6.06,12.0,34.2,Sunny
2026-08-14,18:00:00,Library,Library,12.97,5.65,5.65,70.9,34.2,Sunny
2026-08-14,18:00:00,Administration Block,Administrative,10.36,4.63,4.63,71.7,34.2,Sunny
2026-08-14,18:00:00,Hostel,Residential,36.51,4.43,4.43,15.1,34.2,Sunny
2026-08-14,20:00:00,Main Block,Academic,6.48,0.0,0.0,93.2,31.9,Sunny
2026-08-14,20:00:00,Computer Lab,Laboratory,8.52,0.0,0.0,12.0,31.9,Sunny
2026-08-14,20:00:00,Library,Library,5.73,0.0,0.0,69.6,31.9,Sunny
2026-08-14,20:00:00,Administration Block,Administrative,4.7,0.0,0.0,70.7,31.9,Sunny
2026-08-14,20:00:00,Hostel,Residential,48.01,0.0,0.0,12.0,31.9,Sunny
2026-08-14,22:00:00,Main Block,Academic,7.37,0.0,0.0,91.6,27.7,Sunny
2026-08-14,22:00:00,Computer Lab,Laboratory,9.13,0.0,0.0,12.0,27.7,Sunny
2026-08-14,22:00:00,Library,Library,5.77,0.0,0.0,68.3,27.7,Sunny
2026-08-14,22:00:00,Administration Block,Administrative,4.73,0.0,0.0,69.7,27.7,Sunny
2026-08-14,22:00:00,Hostel,Residential,43.01,0.0,0.0,12.0,27.7,Sunny
2026-08-15,00:00:00,Main Block,Academic,4.83,0.0,0.0,90.5,26.0,Sunny
2026-08-15,00:00:00,Computer Lab,Laboratory,6.24,0.0,0.0,12.0,26.0,Sunny
2026-08-15,00:00:00,Library,Library,3.82,0.0,0.0,67.5,26.0,Sunny
2026-08-15,00:00:00,Administration Block,Administrative,3.74,0.0,0.0,68.9,26.0,Sunny
2026-08-15,00:00:00,Hostel,Residential,13.39,0.0,0.0,12.0,26.0,Sunny
2026-08-15,02:00:00,Main Block,Academic,4.89,0.0,0.0,89.4,24.6,Sunny
2026-08-15,02:00:00,Computer Lab,Laboratory,6.61,0.0,0.0,12.0,24.6,Sunny
2026-08-15,02:00:00,Library,Library,4.17,0.0,0.0,66.6,24.6,Sunny
2026-08-15,02:00:00,Administration Block,Administrative,3.52,0.0,0.0,68.1,24.6,Sunny
2026-08-15,02:00:00,Hostel,Residential,15.93,0.0,0.0,12.0,24.6,Sunny
2026-08-15,04:00:00,Main Block,Academic,5.01,0.0,0.0,88.3,25.7,Sunny
2026-08-15,04:00:00,Computer Lab,Laboratory,6.08,0.0,0.0,12.0,25.7,Sunny
2026-08-15,04:00:00,Library,Library,3.98,0.0,0.0,65.7,25.7,Sunny
2026-08-15,04:00:00,Administration Block,Administrative,3.87,0.0,0.0,67.2,25.7,Sunny
2026-08-15,04:00:00,Hostel,Residential,12.99,0.0,0.0,12.0,25.7,Sunny
2026-08-15,06:00:00,Main Block,Academic,4.75,3.8,3.8,88.1,27.3,Sunny
2026-08-15,06:00:00,Computer Lab,Laboratory,6.68,2.99,2.99,12.0,27.3,Sunny
2026-08-15,06:00:00,Library,Library,4.18,2.78,2.78,65.4,27.3,Sunny
2026-08-15,06:00:00,Administration Block,Administrative,3.75,2.23,2.23,66.9,27.3,Sunny
2026-08-15,06:00:00,Hostel,Residential,34.2,1.96,1.96,12.0,27.3,Sunny
2026-08-15,08:00:00,Main Block,Academic,5.0,15.71,3.78,93.5,29.3,Sunny
2026-08-15,08:00:00,Computer Lab,Laboratory,5.85,12.06,4.66,15.3,29.3,Sunny
2026-08-15,08:00:00,Library,Library,4.27,10.51,3.23,68.7,29.3,Sunny
2026-08-15,08:00:00,Administration Block,Administrative,3.85,9.87,3.39,69.8,29.3,Sunny
2026-08-15,08:00:00,Hostel,Residential,43.91,7.59,7.59,12.0,29.3,Sunny
2026-08-15,10:00:00,Main Block,Academic,9.32,37.09,8.31,98.0,33.3,Sunny
2026-08-15,10:00:00,Computer Lab,Laboratory,11.21,27.21,8.59,23.7,33.3,Sunny
2026-08-15,10:00:00,Library,Library,6.82,27.53,5.86,78.5,33.3,Sunny
2026-08-15,10:00:00,Administration Block,Administrative,6.69,23.0,5.17,77.8,33.3,Sunny
2026-08-15,10:00:00,Hostel,Residential,19.71,19.03,14.97,13.8,33.3,Sunny
2026-08-15,12:00:00,Main Block,Academic,9.47,57.19,7.31,98.0,35.1,Sunny
2026-08-15,12:00:00,Computer Lab,Laboratory,11.49,39.97,9.8,37.3,35.1,Sunny
2026-08-15,12:00:00,Library,Library,6.82,36.28,5.7,92.3,35.1,Sunny
2026-08-15,12:00:00,Administration Block,Administrative,6.58,32.24,5.48,89.8,35.1,Sunny
2026-08-15,12:00:00,Hostel,Residential,20.94,26.95,19.79,17.0,35.1,Sunny
2026-08-15,14:00:00,Main Block,Academic,11.23,50.74,10.64,98.0,35.8,Sunny
2026-08-15,14:00:00,Computer Lab,Laboratory,13.74,37.84,12.05,48.9,35.8,Sunny
2026-08-15,14:00:00,Library,Library,9.47,32.51,7.13,98.0,35.8,Sunny
2026-08-15,14:00:00,Administration Block,Administrative,8.36,28.86,7.5,98.0,35.8,Sunny
2026-08-15,14:00:00,Hostel,Residential,20.82,26.4,18.68,20.5,35.8,Sunny
2026-08-15,16:00:00,Main Block,Academic,8.71,26.97,7.95,98.0,35.8,Sunny
2026-08-15,16:00:00,Computer Lab,Laboratory,11.14,20.95,9.39,54.1,35.8,Sunny
2026-08-15,16:00:00,Library,Library,7.61,18.22,6.94,98.0,35.8,Sunny
2026-08-15,16:00:00,Administration Block,Administrative,6.24,16.29,5.25,98.0,35.8,Sunny
2026-08-15,16:00:00,Hostel,Residential,19.73,12.45,12.45,18.9,35.8,Sunny
2026-08-15,18:00:00,Main Block,Academic,5.39,8.52,5.11,98.0,33.4,Sunny
2026-08-15,18:00:00,Computer Lab,Laboratory,6.34,6.13,5.71,54.3,33.4,Sunny
2026-08-15,18:00:00,Library,Library,3.76,5.54,3.41,98.0,33.4,Sunny
2026-08-15,18:00:00,Administration Block,Administrative,3.81,4.83,2.95,98.0,33.4,Sunny
2026-08-15,18:00:00,Hostel,Residential,38.17,4.5,4.5,12.0,33.4,Sunny
2026-08-15,20:00:00,Main Block,Academic,4.95,0.0,0.0,96.9,31.9,Sunny
2026-08-15,20:00:00,Computer Lab,Laboratory,6.78,0.0,0.0,52.8,31.9,Sunny
2026-08-15,20:00:00,Library,Library,3.96,0.0,0.0,97.1,31.9,Sunny
2026-08-15,20:00:00,Administration Block,Administrative,3.6,0.0,0.0,97.2,31.9,Sunny
2026-08-15,20:00:00,Hostel,Residential,49.13,0.0,0.0,12.0,31.9,Sunny
2026-08-15,22:00:00,Main Block,Academic,5.22,0.0,0.0,95.8,28.7,Sunny
2026-08-15,22:00:00,Computer Lab,Laboratory,5.88,0.0,0.0,51.5,28.7,Sunny
2026-08-15,22:00:00,Library,Library,4.02,0.0,0.0,96.2,28.7,Sunny
2026-08-15,22:00:00,Administration Block,Administrative,3.79,0.0,0.0,96.4,28.7,Sunny
2026-08-15,22:00:00,Hostel,Residential,42.2,0.0,0.0,12.0,28.7,Sunny
2026-08-16,00:00:00,Main Block,Academic,4.88,0.0,0.0,94.7,26.0,Sunny
2026-08-16,00:00:00,Computer Lab,Laboratory,6.4,0.0,0.0,50.1,26.0,Sunny
2026-08-16,00:00:00,Library,Library,3.91,0.0,0.0,95.3,26.0,Sunny
2026-08-16,00:00:00,Administration Block,Administrative,3.71,0.0,0.0,95.6,26.0,Sunny
2026-08-16,00:00:00,Hostel,Residential,13.18,0.0,0.0,12.0,26.0,Sunny
2026-08-16,02:00:00,Main Block,Academic,5.34,0.0,0.0,93.5,23.8,Sunny
2026-08-16,02:00:00,Computer Lab,Laboratory,6.15,0.0,0.0,48.7,23.8,Sunny
2026-08-16,02:00:00,Library,Library,3.82,0.0,0.0,94.5,23.8,Sunny
2026-08-16,02:00:00,Administration Block,Administrative,3.88,0.0,0.0,94.7,23.8,Sunny
2026-08-16,02:00:00,Hostel,Residential,15.93,0.0,0.0,12.0,23.8,Sunny
2026-08-16,04:00:00,Main Block,Academic,5.15,0.0,0.0,92.4,24.3,Sunny
2026-08-16,04:00:00,Computer Lab,Laboratory,6.16,0.0,0.0,47.3,24.3,Sunny
2026-08-16,04:00:00,Library,Library,4.07,0.0,0.0,93.6,24.3,Sunny
2026-08-16,04:00:00,Administration Block,Administrative,3.86,0.0,0.0,93.9,24.3,Sunny
2026-08-16,04:00:00,Hostel,Residential,11.66,0.0,0.0,12.0,24.3,Sunny
2026-08-16,06:00:00,Main Block,Academic,5.27,3.67,3.67,92.0,27.0,Sunny
2026-08-16,06:00:00,Computer Lab,Laboratory,6.58,2.9,2.9,46.5,27.0,Sunny
2026-08-16,06:00:00,Library,Library,4.0,2.68,2.68,93.3,27.0,Sunny
2026-08-16,06:00:00,Administration Block,Administrative,3.86,2.26,2.26,93.5,27.0,Sunny
2026-08-16,06:00:00,Hostel,Residential,36.67,1.99,1.99,12.0,27.0,Sunny
2026-08-16,08:00:00,Main Block,Academic,4.84,15.12,4.34,96.9,30.0,Sunny
2026-08-16,08:00:00,Computer Lab,Laboratory,6.3,11.85,5.43,49.4,30.0,Sunny
2026-08-16,08:00:00,Library,Library,3.81,10.32,3.2,96.5,30.0,Sunny
2026-08-16,08:00:00,Administration Block,Administrative,3.89,9.07,3.63,95.9,30.0,Sunny
2026-08-16,08:00:00,Hostel,Residential,41.89,7.57,7.57,12.0,30.0,Sunny
2026-08-16,10:00:00,Main Block,Academic,9.61,38.94,7.38,98.0,32.7,Sunny
2026-08-16,10:00:00,Computer Lab,Laboratory,11.63,31.02,9.47,59.1,32.7,Sunny
2026-08-16,10:00:00,Library,Library,6.93,24.43,5.95,98.0,32.7,Sunny
2026-08-16,10:00:00,Administration Block,Administrative,6.86,24.15,6.12,98.0,32.7,Sunny
2026-08-16,10:00:00,Hostel,Residential,21.79,20.05,19.8,12.1,32.7,Sunny
2026-08-16,12:00:00,Main Block,Academic,8.5,54.93,6.61,98.0,35.3,Sunny
2026-08-16,12:00:00,Computer Lab,Laboratory,10.45,43.54,8.61,74.8,35.3,Sunny
2026-08-16,12:00:00,Library,Library,7.17,39.04,5.5,98.0,35.3,Sunny
2026-08-16,12:00:00,Administration Block,Administrative,6.27,36.17,5.6,98.0,35.3,Sunny
2026-08-16,12:00:00,Hostel,Residential,20.48,29.98,18.73,17.2,35.3,Sunny
2026-08-16,14:00:00,Main Block,Academic,12.03,51.79,10.11,98.0,35.8,Sunny
2026-08-16,14:00:00,Computer Lab,Laboratory,13.64,40.22,12.36,87.3,35.8,Sunny
2026-08-16,14:00:00,Library,Library,8.34,36.21,6.98,98.0,35.8,Sunny
2026-08-16,14:00:00,Administration Block,Administrative,8.52,27.54,6.6,98.0,35.8,Sunny
2026-08-16,14:00:00,Hostel,Residential,19.27,24.03,15.7,20.9,35.8,Sunny
2026-08-16,16:00:00,Main Block,Academic,9.17,28.6,8.52,98.0,36.4,Sunny
2026-08-16,16:00:00,Computer Lab,Laboratory,12.4,19.32,10.87,91.1,36.4,Sunny
2026-08-16,16:00:00,Library,Library,7.44,16.83,6.03,98.0,36.4,Sunny
2026-08-16,16:00:00,Administration Block,Administrative,6.75,15.63,5.29,98.0,36.4,Sunny
2026-08-16,16:00:00,Hostel,Residential,21.84,12.68,12.68,18.9,36.4,Sunny
2026-08-16,18:00:00,Main Block,Academic,5.12,8.95,4.42,98.0,34.5,Sunny
2026-08-16,18:00:00,Computer Lab,Laboratory,6.63,5.91,5.03,91.5,34.5,Sunny
2026-08-16,18:00:00,Library,Library,4.05,5.73,3.56,98.0,34.5,Sunny
2026-08-16,18:00:00,Administration Block,Administrative,3.75,4.89,3.29,98.0,34.5,Sunny
2026-08-16,18:00:00,Hostel,Residential,38.98,4.33,4.33,12.0,34.5,Sunny
2026-08-16,20:00:00,Main Block,Academic,5.03,0.0,0.0,96.9,32.0,Sunny
2026-08-16,20:00:00,Computer Lab,Laboratory,6.61,0.0,0.0,90.0,32.0,Sunny
2026-08-16,20:00:00,Library,Library,4.08,0.0,0.0,97.1,32.0,Sunny
2026-08-16,20:00:00,Administration Block,Administrative,46.58,0.0,0.0,97.2,32.0,Sunny
2026-08-16,20:00:00,Hostel,Residential,48.5,0.0,0.0,12.0,32.0,Sunny
2026-08-16,22:00:00,Main Block,Academic,4.8,0.0,0.0,95.8,28.2,Sunny
2026-08-16,22:00:00,Computer Lab,Laboratory,6.41,0.0,0.0,88.6,28.2,Sunny
2026-08-16,22:00:00,Library,Library,3.84,0.0,0.0,96.3,28.2,Sunny
2026-08-16,22:00:00,Administration Block,Administrative,3.73,0.0,0.0,96.4,28.2,Sunny
2026-08-16,22:00:00,Hostel,Residential,45.95,0.0,0.0,12.0,28.2,Sunny
2026-08-17,00:00:00,Main Block,Academic,6.86,0.0,0.0,94.3,18.1,Cloudy
2026-08-17,00:00:00,Computer Lab,Laboratory,8.5,0.0,0.0,86.7,18.1,Cloudy
2026-08-17,00:00:00,Library,Library,5.3,0.0,0.0,95.1,18.1,Cloudy
2026-08-17,00:00:00,Administration Block,Administrative,4.68,0.0,0.0,95.4,18.1,Cloudy
2026-08-17,00:00:00,Hostel,Residential,13.25,0.0,0.0,12.0,18.1,Cloudy
2026-08-17,02:00:00,Main Block,Academic,5.31,0.0,0.0,93.1,17.1,Cloudy
2026-08-17,02:00:00,Computer Lab,Laboratory,6.1,0.0,0.0,85.4,17.1,Cloudy
2026-08-17,02:00:00,Library,Library,4.11,0.0,0.0,94.2,17.1,Cloudy
2026-08-17,02:00:00,Administration Block,Administrative,3.59,0.0,0.0,94.6,17.1,Cloudy
2026-08-17,02:00:00,Hostel,Residential,14.41,0.0,0.0,19.1,17.1,Cloudy
2026-08-17,04:00:00,Main Block,Academic,5.03,0.0,0.0,92.0,18.0,Cloudy
2026-08-17,04:00:00,Computer Lab,Laboratory,117.5,0.0,0.0,84.1,18.0,Cloudy
2026-08-17,04:00:00,Library,Library,3.77,0.0,0.0,93.4,18.0,Cloudy
2026-08-17,04:00:00,Administration Block,Administrative,3.37,0.0,0.0,93.9,18.0,Cloudy
2026-08-17,04:00:00,Hostel,Residential,12.23,0.0,0.0,16.4,18.0,Cloudy
2026-08-17,06:00:00,Main Block,Academic,7.24,1.55,1.55,90.7,20.2,Cloudy
2026-08-17,06:00:00,Computer Lab,Laboratory,8.26,1.2,1.2,82.5,20.2,Cloudy
2026-08-17,06:00:00,Library,Library,5.69,1.02,1.02,92.4,20.2,Cloudy
2026-08-17,06:00:00,Administration Block,Administrative,4.66,0.99,0.99,93.1,20.2,Cloudy
2026-08-17,06:00:00,Hostel,Residential,35.31,0.84,0.84,12.0,20.2,Cloudy
2026-08-17,08:00:00,Main Block,Academic,22.4,2.24,2.24,86.3,22.7,Rainy
2026-08-17,08:00:00,Computer Lab,Laboratory,27.88,1.8,1.8,76.8,22.7,Rainy
2026-08-17,08:00:00,Library,Library,17.12,1.64,1.64,89.0,22.7,Rainy
2026-08-17,08:00:00,Administration Block,Administrative,16.61,1.36,1.36,89.7,22.7,Rainy
2026-08-17,08:00:00,Hostel,Residential,42.17,1.24,1.24,12.0,22.7,Rainy
2026-08-17,10:00:00,Main Block,Academic,35.06,6.33,6.33,80.0,25.6,Rainy
2026-08-17,10:00:00,Computer Lab,Laboratory,44.18,4.55,4.55,68.1,25.6,Rainy
2026-08-17,10:00:00,Library,Library,28.81,4.1,4.1,83.6,25.6,Rainy
2026-08-17,10:00:00,Administration Block,Administrative,25.23,3.48,3.48,84.9,25.6,Rainy
2026-08-17,10:00:00,Hostel,Residential,19.26,3.1,3.1,12.0,25.6,Rainy
2026-08-17,12:00:00,Main Block,Academic,36.6,8.12,8.12,73.7,27.5,Rainy
2026-08-17,12:00:00,Computer Lab,Laboratory,40.3,6.67,6.67,60.7,27.5,Rainy
2026-08-17,12:00:00,Library,Library,28.63,6.09,6.09,13.9,27.5,Rainy
2026-08-17,12:00:00,Administration Block,Administrative,23.25,4.9,4.9,80.9,27.5,Rainy
2026-08-17,12:00:00,Hostel,Residential,18.34,4.1,4.1,12.0,27.5,Rainy
2026-08-17,14:00:00,Main Block,Academic,41.31,7.86,7.86,66.3,29.2,Rainy
2026-08-17,14:00:00,Computer Lab,Laboratory,50.35,5.43,5.43,50.8,29.2,Rainy
2026-08-17,14:00:00,Library,Library,29.73,5.44,5.44,12.0,29.2,Rainy
2026-08-17,14:00:00,Administration Block,Administrative,26.95,4.57,4.57,76.0,29.2,Rainy
2026-08-17,14:00:00,Hostel,Residential,20.21,3.97,3.97,12.0,29.2,Rainy
2026-08-17,16:00:00,Main Block,Academic,35.82,4.31,4.31,59.4,29.3,Rainy
2026-08-17,16:00:00,Computer Lab,Laboratory,47.87,2.92,2.92,40.9,29.3,Rainy
2026-08-17,16:00:00,Library,Library,27.99,2.65,2.65,12.0,29.3,Rainy
2026-08-17,16:00:00,Administration Block,Administrative,24.84,2.36,2.36,71.1,29.3,Rainy
2026-08-17,16:00:00,Hostel,Residential,17.8,2.04,2.04,12.0,29.3,Rainy
2026-08-17,18:00:00,Main Block,Academic,15.48,1.3,1.3,56.3,27.4,Rainy
2026-08-17,18:00:00,Computer Lab,Laboratory,19.92,0.9,0.9,16.6,27.4,Rainy
2026-08-17,18:00:00,Library,Library,12.93,0.84,0.84,12.0,27.4,Rainy
2026-08-17,18:00:00,Administration Block,Administrative,10.96,0.71,0.71,68.8,27.4,Rainy
2026-08-17,18:00:00,Hostel,Residential,39.9,0.68,0.68,12.0,27.4,Rainy
2026-08-17,20:00:00,Main Block,Academic,7.25,0.0,0.0,54.7,24.3,Rainy
2026-08-17,20:00:00,Computer Lab,Laboratory,9.33,0.0,0.0,14.5,24.3,Rainy
2026-08-17,20:00:00,Library,Library,5.84,0.0,0.0,12.0,24.3,Rainy
2026-08-17,20:00:00,Administration Block,Administrative,5.34,0.0,0.0,67.6,24.3,Rainy
2026-08-17,20:00:00,Hostel,Residential,48.17,0.0,0.0,12.0,24.3,Rainy
2026-08-17,22:00:00,Main Block,Academic,7.52,0.0,0.0,53.0,21.9,Rainy
2026-08-17,22:00:00,Computer Lab,Laboratory,9.28,0.0,0.0,16.7,21.9,Rainy
2026-08-17,22:00:00,Library,Library,5.15,0.0,0.0,12.0,21.9,Rainy
2026-08-17,22:00:00,Administration Block,Administrative,4.83,0.0,0.0,66.5,21.9,Rainy
2026-08-17,22:00:00,Hostel,Residential,43.75,0.0,0.0,12.0,21.9,Rainy
2026-08-18,00:00:00,Main Block,Academic,6.96,0.0,0.0,51.5,19.3,Cloudy
2026-08-18,00:00:00,Computer Lab,Laboratory,8.21,0.0,0.0,14.9,19.3,Cloudy
2026-08-18,00:00:00,Library,Library,5.46,0.0,0.0,12.0,19.3,Cloudy
2026-08-18,00:00:00,Administration Block,Administrative,4.75,0.0,0.0,65.5,19.3,Cloudy
2026-08-18,00:00:00,Hostel,Residential,14.13,0.0,0.0,12.0,19.3,Cloudy
2026-08-18,02:00:00,Main Block,Academic,4.76,0.0,0.0,50.5,18.0,Cloudy
2026-08-18,02:00:00,Computer Lab,Laboratory,6.67,0.0,0.0,13.4,18.0,Cloudy
2026-08-18,02:00:00,Library,Library,3.68,0.0,0.0,12.0,18.0,Cloudy
2026-08-18,02:00:00,Administration Block,Administrative,3.4,0.0,0.0,64.8,18.0,Cloudy
2026-08-18,02:00:00,Hostel,Residential,14.44,0.0,0.0,12.0,18.0,Cloudy
2026-08-18,04:00:00,Main Block,Academic,4.49,0.0,0.0,49.5,17.6,Cloudy
2026-08-18,04:00:00,Computer Lab,Laboratory,6.28,0.0,0.0,12.0,17.6,Cloudy
2026-08-18,04:00:00,Library,Library,3.39,0.0,0.0,12.0,17.6,Cloudy
2026-08-18,04:00:00,Administration Block,Administrative,3.45,0.0,0.0,13.8,17.6,Cloudy
2026-08-18,04:00:00,Hostel,Residential,11.98,0.0,0.0,12.0,17.6,Cloudy
2026-08-18,06:00:00,Main Block,Academic,7.38,1.63,1.63,48.2,19.9,Cloudy
2026-08-18,06:00:00,Computer Lab,Laboratory,9.26,1.15,1.15,12.0,19.9,Cloudy
2026-08-18,06:00:00,Library,Library,5.14,1.0,1.0,12.0,19.9,Cloudy
2026-08-18,06:00:00,Administration Block,Administrative,4.89,0.93,0.93,12.9,19.9,Cloudy
2026-08-18,06:00:00,Hostel,Residential,37.19,0.76,0.76,12.0,19.9,Cloudy
2026-08-18,08:00:00,Main Block,Academic,20.9,2.39,2.39,44.1,23.3,Rainy
2026-08-18,08:00:00,Computer Lab,Laboratory,28.29,1.69,1.69,12.0,23.3,Rainy
2026-08-18,08:00:00,Library,Library,17.8,1.52,1.52,12.0,23.3,Rainy
2026-08-18,08:00:00,Administration Block,Administrative,15.02,1.34,1.34,12.0,23.3,Rainy
2026-08-18,08:00:00,Hostel,Residential,42.02,1.26,1.26,12.0,23.3,Rainy
2026-08-18,10:00:00,Main Block,Academic,31.7,5.86,5.86,38.4,25.7,Rainy
2026-08-18,10:00:00,Computer Lab,Laboratory,41.93,4.63,4.63,12.0,25.7,Rainy
2026-08-18,10:00:00,Library,Library,24.85,3.83,3.83,12.0,25.7,Rainy
2026-08-18,10:00:00,Administration Block,Administrative,26.06,3.21,3.21,15.7,25.7,Rainy
2026-08-18,10:00:00,Hostel,Residential,19.71,3.07,3.07,12.0,25.7,Rainy
2026-08-18,12:00:00,Main Block,Academic,36.84,8.48,8.48,32.2,28.1,Rainy
2026-08-18,12:00:00,Computer Lab,Laboratory,41.83,6.66,6.66,12.0,28.1,Rainy
2026-08-18,12:00:00,Library,Library,27.49,5.62,5.62,12.0,28.1,Rainy
2026-08-18,12:00:00,Administration Block,Administrative,24.5,5.21,5.21,13.1,28.1,Rainy
2026-08-18,12:00:00,Hostel,Residential,18.29,4.43,4.43,12.0,28.1,Rainy
2026-08-18,14:00:00,Main Block,Academic,37.98,7.42,7.42,25.5,30.0,Rainy
2026-08-18,14:00:00,Computer Lab,Laboratory,51.26,5.36,5.36,12.0,30.0,Rainy
2026-08-18,14:00:00,Library,Library,32.42,5.37,5.37,12.0,30.0,Rainy
2026-08-18,14:00:00,Administration Block,Administrative,26.47,4.12,4.12,12.0,30.0,Rainy
2026-08-18,14:00:00,Hostel,Residential,17.54,3.94,3.94,12.0,30.0,Rainy
2026-08-18,16:00:00,Main Block,Academic,38.64,3.74,3.74,17.8,28.6,Rainy
2026-08-18,16:00:00,Computer Lab,Laboratory,47.95,3.12,3.12,12.0,28.6,Rainy
2026-08-18,16:00:00,Library,Library,29.49,2.6,2.6,12.0,28.6,Rainy
2026-08-18,16:00:00,Administration Block,Administrative,26.75,2.24,2.24,19.2,28.6,Rainy
2026-08-18,16:00:00,Hostel,Residential,20.05,2.14,2.14,12.0,28.6,Rainy
2026-08-18,18:00:00,Main Block,Academic,16.56,1.36,1.36,14.5,27.1,Rainy
2026-08-18,18:00:00,Computer Lab,Laboratory,18.69,0.94,0.94,12.0,27.1,Rainy
2026-08-18,18:00:00,Library,Library,12.59,0.85,0.85,12.0,27.1,Rainy
2026-08-18,18:00:00,Administration Block,Administrative,11.37,0.78,0.78,16.9,27.1,Rainy
2026-08-18,18:00:00,Hostel,Residential,41.91,0.64,0.64,12.0,27.1,Rainy
2026-08-18,20:00:00,Main Block,Academic,7.16,0.0,0.0,12.9,23.8,Rainy
2026-08-18,20:00:00,Computer Lab,Laboratory,9.24,0.0,0.0,12.0,23.8,Rainy
2026-08-18,20:00:00,Library,Library,5.7,0.0,0.0,12.0,23.8,Rainy
2026-08-18,20:00:00,Administration Block,Administrative,4.81,0.0,0.0,15.8,23.8,Rainy
2026-08-18,20:00:00,Hostel,Residential,49.78,0.0,0.0,12.0,23.8,Rainy
2026-08-18,22:00:00,Main Block,Academic,7.29,0.0,0.0,12.0,20.7,Rainy
2026-08-18,22:00:00,Computer Lab,Laboratory,8.83,0.0,0.0,12.0,20.7,Rainy
2026-08-18,22:00:00,Library,Library,5.83,0.0,0.0,12.0,20.7,Rainy
2026-08-18,22:00:00,Administration Block,Administrative,5.37,0.0,0.0,19.1,20.7,Rainy
2026-08-18,22:00:00,Hostel,Residential,46.66,0.0,0.0,12.0,20.7,Rainy
2026-08-19,00:00:00,Main Block,Academic,6.71,0.0,0.0,12.0,18.7,Cloudy
2026-08-19,00:00:00,Computer Lab,Laboratory,8.34,0.0,0.0,12.0,18.7,Cloudy
2026-08-19,00:00:00,Library,Library,5.55,0.0,0.0,12.0,18.7,Cloudy
2026-08-19,00:00:00,Administration Block,Administrative,4.9,0.0,0.0,18.0,18.7,Cloudy
2026-08-19,00:00:00,Hostel,Residential,13.2,0.0,0.0,12.0,18.7,Cloudy
2026-08-19,02:00:00,Main Block,Academic,5.02,0.0,0.0,12.0,17.6,Cloudy
2026-08-19,02:00:00,Computer Lab,Laboratory,6.75,0.0,0.0,12.0,17.6,Cloudy
2026-08-19,02:00:00,Library,Library,4.2,0.0,0.0,12.0,17.6,Cloudy
2026-08-19,02:00:00,Administration Block,Administrative,3.53,0.0,0.0,17.2,17.6,Cloudy
2026-08-19,02:00:00,Hostel,Residential,14.2,0.0,0.0,12.0,17.6,Cloudy
2026-08-19,04:00:00,Main Block,Academic,5.01,0.0,0.0,12.0,17.6,Cloudy
2026-08-19,04:00:00,Computer Lab,Laboratory,114.27,0.0,0.0,12.0,17.6,Cloudy
2026-08-19,04:00:00,Library,Library,3.88,0.0,0.0,12.0,17.6,Cloudy
2026-08-19,04:00:00,Administration Block,Administrative,3.43,0.0,0.0,16.4,17.6,Cloudy
2026-08-19,04:00:00,Hostel,Residential,11.88,0.0,0.0,12.0,17.6,Cloudy
2026-08-19,06:00:00,Main Block,Academic,7.1,1.58,1.58,12.0,20.6,Cloudy
2026-08-19,06:00:00,Computer Lab,Laboratory,8.22,1.23,1.23,12.0,20.6,Cloudy
2026-08-19,06:00:00,Library,Library,5.49,1.08,1.08,18.5,20.6,Cloudy
2026-08-19,06:00:00,Administration Block,Administrative,5.31,0.95,0.95,15.4,20.6,Cloudy
2026-08-19,06:00:00,Hostel,Residential,38.23,0.76,0.76,16.3,20.6,Cloudy
2026-08-19,08:00:00,Main Block,Academic,22.82,2.47,2.47,12.0,22.5,Rainy
2026-08-19,08:00:00,Computer Lab,Laboratory,27.95,1.67,1.67,16.4,22.5,Rainy
2026-08-19,08:00:00,Library,Library,16.97,1.73,1.73,15.1,22.5,Rainy
2026-08-19,08:00:00,Administration Block,Administrative,16.45,1.47,1.47,12.1,22.5,Rainy
2026-08-19,08:00:00,Hostel,Residential,39.24,1.14,1.14,12.0,22.5,Rainy
2026-08-19,10:00:00,Main Block,Academic,32.85,5.8,5.8,12.0,26.3,Rainy
2026-08-19,10:00:00,Computer Lab,Laboratory,43.09,4.75,4.75,12.0,26.3,Rainy
2026-08-19,10:00:00,Library,Library,28.3,4.02,4.02,12.0,26.3,Rainy
2026-08-19,10:00:00,Administration Block,Administrative,22.78,3.37,3.37,13.1,26.3,Rainy
2026-08-19,10:00:00,Hostel,Residential,17.91,2.95,2.95,12.0,26.3,Rainy
2026-08-19,12:00:00,Main Block,Academic,36.1,8.1,8.1,14.4,28.4,Rainy
2026-08-19,12:00:00,Computer Lab,Laboratory,45.2,6.86,6.86,13.5,28.4,Rainy
2026-08-19,12:00:00,Library,Library,28.66,6.11,6.11,19.0,28.4,Rainy
2026-08-19,12:00:00,Administration Block,Administrative,23.67,5.4,5.4,12.0,28.4,Rainy
2026-08-19,12:00:00,Hostel,Residential,19.54,4.25,4.25,12.0,28.4,Rainy
2026-08-19,14:00:00,Main Block,Academic,41.7,7.47,7.47,12.0,29.0,Rainy
2026-08-19,14:00:00,Computer Lab,Laboratory,51.5,5.39,5.39,12.0,29.0,Rainy
2026-08-19,14:00:00,Library,Library,31.1,5.44,5.44,13.4,29.0,Rainy
2026-08-19,14:00:00,Administration Block,Administrative,29.81,4.33,4.33,12.0,29.0,Rainy
2026-08-19,14:00:00,Hostel,Residential,18.59,3.96,3.96,12.0,29.0,Rainy
2026-08-19,16:00:00,Main Block,Academic,36.46,3.93,3.93,12.0,29.8,Rainy
2026-08-19,16:00:00,Computer Lab,Laboratory,46.96,3.09,3.09,12.0,29.8,Rainy
2026-08-19,16:00:00,Library,Library,30.06,2.77,2.77,12.0,29.8,Rainy
2026-08-19,16:00:00,Administration Block,Administrative,26.97,2.39,2.39,12.0,29.8,Rainy
2026-08-19,16:00:00,Hostel,Residential,17.71,1.86,1.86,12.0,29.8,Rainy
2026-08-19,18:00:00,Main Block,Academic,14.49,1.21,1.21,12.0,26.8,Rainy
2026-08-19,18:00:00,Computer Lab,Laboratory,18.97,0.89,0.89,12.0,26.8,Rainy
2026-08-19,18:00:00,Library,Library,12.29,0.83,0.83,12.0,26.8,Rainy
2026-08-19,18:00:00,Administration Block,Administrative,10.8,0.7,0.7,12.0,26.8,Rainy
2026-08-19,18:00:00,Hostel,Residential,41.98,0.64,0.64,12.0,26.8,Rainy
2026-08-19,20:00:00,Main Block,Academic,6.78,0.0,0.0,12.0,23.7,Rainy
2026-08-19,20:00:00,Computer Lab,Laboratory,8.14,0.0,0.0,12.0,23.7,Rainy
2026-08-19,20:00:00,Library,Library,5.43,0.0,0.0,12.0,23.7,Rainy
2026-08-19,20:00:00,Administration Block,Administrative,4.66,0.0,0.0,12.0,23.7,Rainy
2026-08-19,20:00:00,Hostel,Residential,46.99,0.0,0.0,12.0,23.7,Rainy
2026-08-19,22:00:00,Main Block,Academic,6.66,0.0,0.0,12.0,21.4,Rainy
2026-08-19,22:00:00,Computer Lab,Laboratory,8.48,0.0,0.0,12.0,21.4,Rainy
2026-08-19,22:00:00,Library,Library,5.35,0.0,0.0,12.0,21.4,Rainy
2026-08-19,22:00:00,Administration Block,Administrative,5.24,0.0,0.0,12.0,21.4,Rainy
2026-08-19,22:00:00,Hostel,Residential,42.3,0.0,0.0,12.0,21.4,Rainy
2026-08-20,00:00:00,Main Block,Academic,6.59,0.0,0.0,12.0,22.0,Cloudy
2026-08-20,00:00:00,Computer Lab,Laboratory,9.38,0.0,0.0,12.0,22.0,Cloudy
2026-08-20,00:00:00,Library,Library,5.34,0.0,0.0,12.0,22.0,Cloudy
2026-08-20,00:00:00,Administration Block,Administrative,5.37,0.0,0.0,12.0,22.0,Cloudy
2026-08-20,00:00:00,Hostel,Residential,13.92,0.0,0.0,12.0,22.0,Cloudy
2026-08-20,02:00:00,Main Block,Academic,4.81,0.0,0.0,12.0,20.2,Cloudy
2026-08-20,02:00:00,Computer Lab,Laboratory,6.59,0.0,0.0,12.0,20.2,Cloudy
2026-08-20,02:00:00,Library,Library,3.98,0.0,0.0,12.0,20.2,Cloudy
2026-08-20,02:00:00,Administration Block,Administrative,3.61,0.0,0.0,12.0,20.2,Cloudy
2026-08-20,02:00:00,Hostel,Residential,14.98,0.0,0.0,12.0,20.2,Cloudy
2026-08-20,04:00:00,Main Block,Academic,4.84,0.0,0.0,12.0,20.4,Cloudy
2026-08-20,04:00:00,Computer Lab,Laboratory,5.66,0.0,0.0,12.0,20.4,Cloudy
2026-08-20,04:00:00,Library,Library,3.86,0.0,0.0,12.0,20.4,Cloudy
2026-08-20,04:00:00,Administration Block,Administrative,3.35,0.0,0.0,12.0,20.4,Cloudy
2026-08-20,04:00:00,Hostel,Residential,11.85,0.0,0.0,12.0,20.4,Cloudy
2026-08-20,06:00:00,Main Block,Academic,7.27,1.48,1.48,12.0,22.7,Cloudy
2026-08-20,06:00:00,Computer Lab,Laboratory,8.54,1.19,1.19,12.0,22.7,Cloudy
2026-08-20,06:00:00,Library,Library,5.49,1.1,1.1,12.0,22.7,Cloudy
2026-08-20,06:00:00,Administration Block,Administrative,4.99,0.94,0.94,12.0,22.7,Cloudy
2026-08-20,06:00:00,Hostel,Residential,37.16,0.77,0.77,19.4,22.7,Cloudy
2026-08-20,08:00:00,Main Block,Academic,22.04,6.68,6.68,12.0,25.5,Cloudy
2026-08-20,08:00:00,Computer Lab,Laboratory,25.81,4.64,4.64,12.0,25.5,Cloudy
2026-08-20,08:00:00,Library,Library,17.83,4.34,4.34,12.0,25.5,Cloudy
2026-08-20,08:00:00,Administration Block,Administrative,16.7,3.8,3.8,12.0,25.5,Cloudy
2026-08-20,08:00:00,Hostel,Residential,38.76,3.02,3.02,12.0,25.5,Cloudy
2026-08-20,10:00:00,Main Block,Academic,36.52,14.84,14.84,12.0,27.7,Cloudy
2026-08-20,10:00:00,Computer Lab,Laboratory,40.64,11.75,11.75,12.0,27.7,Cloudy
2026-08-20,10:00:00,Library,Library,27.65,10.18,10.18,12.0,27.7,Cloudy
2026-08-20,10:00:00,Administration Block,Administrative,22.87,9.65,9.65,12.0,27.7,Cloudy
2026-08-20,10:00:00,Hostel,Residential,17.89,8.44,8.44,12.0,27.7,Cloudy
2026-08-20,12:00:00,Main Block,Academic,34.47,24.65,24.65,12.0,30.2,Cloudy
2026-08-20,12:00:00,Computer Lab,Laboratory,40.53,17.65,17.65,17.0,30.2,Cloudy
2026-08-20,12:00:00,Library,Library,25.53,15.57,15.57,12.0,30.2,Cloudy
2026-08-20,12:00:00,Administration Block,Administrative,23.24,13.96,13.96,13.7,30.2,Cloudy
2026-08-20,12:00:00,Hostel,Residential,20.02,10.96,10.96,12.0,30.2,Cloudy
2026-08-20,14:00:00,Main Block,Academic,41.88,20.36,20.36,12.0,31.6,Cloudy
2026-08-20,14:00:00,Computer Lab,Laboratory,50.36,15.41,15.41,12.0,31.6,Cloudy
2026-08-20,14:00:00,Library,Library,31.68,14.17,14.17,12.0,31.6,Cloudy
2026-08-20,14:00:00,Administration Block,Administrative,28.79,11.07,11.07,12.0,31.6,Cloudy
2026-08-20,14:00:00,Hostel,Residential,18.31,9.64,9.64,12.0,31.6,Cloudy
2026-08-20,16:00:00,Main Block,Academic,34.4,10.52,10.52,12.0,31.4,Cloudy
2026-08-20,16:00:00,Computer Lab,Laboratory,47.06,8.21,8.21,12.0,31.4,Cloudy
2026-08-20,16:00:00,Library,Library,28.65,6.75,6.75,12.0,31.4,Cloudy
2026-08-20,16:00:00,Administration Block,Administrative,24.22,6.11,6.11,12.0,31.4,Cloudy
2026-08-20,16:00:00,Hostel,Residential,19.85,5.74,5.74,12.0,31.4,Cloudy
2026-08-20,18:00:00,Main Block,Academic,15.19,3.58,3.58,12.0,29.9,Cloudy
2026-08-20,18:00:00,Computer Lab,Laboratory,17.81,2.65,2.65,12.0,29.9,Cloudy
2026-08-20,18:00:00,Library,Library,12.17,2.15,2.15,12.0,29.9,Cloudy
2026-08-20,18:00:00,Administration Block,Administrative,11.47,2.0,2.0,12.0,29.9,Cloudy
2026-08-20,18:00:00,Hostel,Residential,40.71,1.78,1.78,12.0,29.9,Cloudy
2026-08-20,20:00:00,Main Block,Academic,7.25,0.0,0.0,12.0,26.0,Cloudy
2026-08-20,20:00:00,Computer Lab,Laboratory,9.44,0.0,0.0,12.0,26.0,Cloudy
2026-08-20,20:00:00,Library,Library,5.79,0.0,0.0,12.0,26.0,Cloudy
2026-08-20,20:00:00,Administration Block,Administrative,4.84,0.0,0.0,12.0,26.0,Cloudy
2026-08-20,20:00:00,Hostel,Residential,48.58,0.0,0.0,12.0,26.0,Cloudy
2026-08-20,22:00:00,Main Block,Academic,6.93,0.0,0.0,12.0,24.2,Cloudy
2026-08-20,22:00:00,Computer Lab,Laboratory,9.14,0.0,0.0,12.0,24.2,Cloudy
2026-08-20,22:00:00,Library,Library,5.77,0.0,0.0,12.0,24.2,Cloudy
2026-08-20,22:00:00,Administration Block,Administrative,4.88,0.0,0.0,12.0,24.2,Cloudy
2026-08-20,22:00:00,Hostel,Residential,44.37,0.0,0.0,12.0,24.2,Cloudy
2026-08-21,00:00:00,Main Block,Academic,6.67,0.0,0.0,12.0,25.3,Sunny
2026-08-21,00:00:00,Computer Lab,Laboratory,8.13,0.0,0.0,12.0,25.3,Sunny
2026-08-21,00:00:00,Library,Library,5.37,0.0,0.0,12.0,25.3,Sunny
2026-08-21,00:00:00,Administration Block,Administrative,4.82,0.0,0.0,12.0,25.3,Sunny
2026-08-21,00:00:00,Hostel,Residential,13.58,0.0,0.0,12.0,25.3,Sunny
2026-08-21,02:00:00,Main Block,Academic,5.18,0.0,0.0,12.0,24.3,Sunny
2026-08-21,02:00:00,Computer Lab,Laboratory,6.06,0.0,0.0,12.0,24.3,Sunny
2026-08-21,02:00:00,Library,Library,4.17,0.0,0.0,12.0,24.3,Sunny
2026-08-21,02:00:00,Administration Block,Administrative,3.86,0.0,0.0,12.0,24.3,Sunny
2026-08-21,02:00:00,Hostel,Residential,15.29,0.0,0.0,12.0,24.3,Sunny
2026-08-21,04:00:00,Main Block,Academic,5.03,0.0,0.0,12.0,24.3,Sunny
2026-08-21,04:00:00,Computer Lab,Laboratory,6.12,0.0,0.0,12.0,24.3,Sunny
2026-08-21,04:00:00,Library,Library,3.97,0.0,0.0,12.0,24.3,Sunny
2026-08-21,04:00:00,Administration Block,Administrative,3.54,0.0,0.0,12.0,24.3,Sunny
2026-08-21,04:00:00,Hostel,Residential,11.63,0.0,0.0,12.0,24.3,Sunny
2026-08-21,06:00:00,Main Block,Academic,6.67,4.08,4.08,12.0,27.4,Sunny
2026-08-21,06:00:00,Computer Lab,Laboratory,9.04,3.05,3.05,12.0,27.4,Sunny
2026-08-21,06:00:00,Library,Library,5.52,2.54,2.54,12.0,27.4,Sunny
2026-08-21,06:00:00,Administration Block,Administrative,4.92,2.35,2.35,12.0,27.4,Sunny
2026-08-21,06:00:00,Hostel,Residential,33.88,1.98,1.98,12.0,27.4,Sunny
2026-08-21,08:00:00,Main Block,Academic,21.93,17.19,17.19,12.0,30.4,Sunny
2026-08-21,08:00:00,Computer Lab,Laboratory,25.77,12.57,12.57,12.0,30.4,Sunny
2026-08-21,08:00:00,Library,Library,18.25,10.65,10.65,12.0,30.4,Sunny
2026-08-21,08:00:00,Administration Block,Administrative,15.64,8.75,8.75,12.0,30.4,Sunny
2026-08-21,08:00:00,Hostel,Residential,40.06,7.95,7.95,12.0,30.4,Sunny
2026-08-21,10:00:00,Main Block,Academic,35.91,38.29,31.08,15.2,32.4,Sunny
2026-08-21,10:00:00,Computer Lab,Laboratory,43.1,29.39,29.39,12.0,32.4,Sunny
2026-08-21,10:00:00,Library,Library,27.59,24.36,21.24,13.4,32.4,Sunny
2026-08-21,10:00:00,Administration Block,Administrative,25.47,22.76,19.74,13.4,32.4,Sunny
2026-08-21,10:00:00,Hostel,Residential,19.98,19.46,14.99,14.0,32.4,Sunny
2026-08-21,12:00:00,Main Block,Academic,32.52,59.25,25.25,30.5,36.0,Sunny
2026-08-21,12:00:00,Computer Lab,Laboratory,40.35,46.06,32.47,18.1,36.0,Sunny
2026-08-21,12:00:00,Library,Library,25.76,37.63,23.98,19.5,36.0,Sunny
2026-08-21,12:00:00,Administration Block,Administrative,23.09,33.05,18.73,19.8,36.0,Sunny
2026-08-21,12:00:00,Hostel,Residential,19.5,27.61,17.18,18.7,36.0,Sunny
2026-08-21,14:00:00,Main Block,Academic,36.42,50.5,28.28,40.5,36.8,Sunny
2026-08-21,14:00:00,Computer Lab,Laboratory,50.9,35.14,35.14,14.6,36.8,Sunny
2026-08-21,14:00:00,Library,Library,32.68,36.32,27.27,23.6,36.8,Sunny
2026-08-21,14:00:00,Administration Block,Administrative,26.61,27.61,22.0,22.3,36.8,Sunny
2026-08-21,14:00:00,Hostel,Residential,19.6,23.79,15.93,22.2,36.8,Sunny
2026-08-21,16:00:00,Main Block,Academic,34.4,27.91,27.91,39.1,36.7,Sunny
2026-08-21,16:00:00,Computer Lab,Laboratory,42.97,21.61,21.61,12.0,36.7,Sunny
2026-08-21,16:00:00,Library,Library,28.83,16.51,16.51,20.9,36.7,Sunny
2026-08-21,16:00:00,Administration Block,Administrative,25.83,16.16,16.16,20.2,36.7,Sunny
2026-08-21,16:00:00,Hostel,Residential,17.85,13.21,13.21,21.2,36.7,Sunny
2026-08-21,18:00:00,Main Block,Academic,14.38,7.98,7.98,37.7,34.7,Sunny
2026-08-21,18:00:00,Computer Lab,Laboratory,19.53,6.26,6.26,12.0,34.7,Sunny
2026-08-21,18:00:00,Library,Library,11.74,5.35,5.35,19.5,34.7,Sunny
2026-08-21,18:00:00,Administration Block,Administrative,10.27,5.0,5.0,19.0,34.7,Sunny
2026-08-21,18:00:00,Hostel,Residential,39.67,4.43,4.43,13.4,34.7,Sunny
2026-08-21,20:00:00,Main Block,Academic,7.18,0.0,0.0,36.1,31.8,Sunny
2026-08-21,20:00:00,Computer Lab,Laboratory,8.47,0.0,0.0,12.0,31.8,Sunny
2026-08-21,20:00:00,Library,Library,5.52,0.0,0.0,18.3,31.8,Sunny
2026-08-21,20:00:00,Administration Block,Administrative,5.01,0.0,0.0,17.9,31.8,Sunny
2026-08-21,20:00:00,Hostel,Residential,50.92,0.0,0.0,12.0,31.8,Sunny
2026-08-21,22:00:00,Main Block,Academic,6.5,0.0,0.0,34.7,27.9,Sunny
2026-08-21,22:00:00,Computer Lab,Laboratory,9.31,0.0,0.0,12.0,27.9,Sunny
2026-08-21,22:00:00,Library,Library,5.9,0.0,0.0,17.0,27.9,Sunny
2026-08-21,22:00:00,Administration Block,Administrative,5.0,0.0,0.0,16.8,27.9,Sunny
2026-08-21,22:00:00,Hostel,Residential,40.75,0.0,0.0,12.0,27.9,Sunny
2026-08-22,00:00:00,Main Block,Academic,5.06,0.0,0.0,33.6,25.9,Sunny
2026-08-22,00:00:00,Computer Lab,Laboratory,6.78,0.0,0.0,12.0,25.9,Sunny
2026-08-22,00:00:00,Library,Library,4.27,0.0,0.0,16.1,25.9,Sunny
2026-08-22,00:00:00,Administration Block,Administrative,3.85,0.0,0.0,16.0,25.9,Sunny
2026-08-22,00:00:00,Hostel,Residential,12.71,0.0,0.0,12.0,25.9,Sunny
2026-08-22,02:00:00,Main Block,Academic,5.1,0.0,0.0,32.5,25.1,Sunny
2026-08-22,02:00:00,Computer Lab,Laboratory,6.16,0.0,0.0,12.0,25.1,Sunny
2026-08-22,02:00:00,Library,Library,4.13,0.0,0.0,15.2,25.1,Sunny
2026-08-22,02:00:00,Administration Block,Administrative,3.86,0.0,0.0,15.2,25.1,Sunny
2026-08-22,02:00:00,Hostel,Residential,15.51,0.0,0.0,12.0,25.1,Sunny
2026-08-22,04:00:00,Main Block,Academic,4.69,0.0,0.0,31.5,24.2,Sunny
2026-08-22,04:00:00,Computer Lab,Laboratory,108.99,0.0,0.0,12.0,24.2,Sunny
2026-08-22,04:00:00,Library,Library,4.14,0.0,0.0,14.3,24.2,Sunny
2026-08-22,04:00:00,Administration Block,Administrative,3.6,0.0,0.0,14.4,24.2,Sunny
2026-08-22,04:00:00,Hostel,Residential,12.62,0.0,0.0,12.0,24.2,Sunny
2026-08-22,06:00:00,Main Block,Academic,4.97,4.08,3.81,31.6,26.8,Sunny
2026-08-22,06:00:00,Computer Lab,Laboratory,6.34,3.02,3.02,12.0,26.8,Sunny
2026-08-22,06:00:00,Library,Library,3.84,2.64,2.64,14.0,26.8,Sunny
2026-08-22,06:00:00,Administration Block,Administrative,3.78,2.32,2.32,14.1,26.8,Sunny
2026-08-22,06:00:00,Hostel,Residential,37.02,2.08,2.08,12.0,26.8,Sunny
2026-08-22,08:00:00,Main Block,Academic,5.2,16.65,4.78,36.9,29.0,Sunny
2026-08-22,08:00:00,Computer Lab,Laboratory,5.85,11.29,4.9,14.9,29.0,Sunny
2026-08-22,08:00:00,Library,Library,3.93,10.9,3.19,17.5,29.0,Sunny
2026-08-22,08:00:00,Administration Block,Administrative,3.74,9.73,2.89,17.2,29.0,Sunny
2026-08-22,08:00:00,Hostel,Residential,43.35,8.29,8.29,12.0,29.0,Sunny
2026-08-22,10:00:00,Main Block,Academic,9.07,40.98,8.11,51.7,33.5,Sunny
2026-08-22,10:00:00,Computer Lab,Laboratory,10.7,27.76,9.7,23.0,33.5,Sunny
2026-08-22,10:00:00,Library,Library,6.84,27.74,6.19,27.2,33.5,Sunny
2026-08-22,10:00:00,Administration Block,Administrative,5.97,23.99,4.8,25.8,33.5,Sunny
2026-08-22,10:00:00,Hostel,Residential,18.98,20.28,16.42,13.7,33.5,Sunny
2026-08-22,12:00:00,Main Block,Academic,8.98,56.34,7.63,73.6,34.6,Sunny
2026-08-22,12:00:00,Computer Lab,Laboratory,11.07,41.55,8.53,37.9,34.6,Sunny
2026-08-22,12:00:00,Library,Library,7.36,36.78,6.27,40.9,34.6,Sunny
2026-08-22,12:00:00,Administration Block,Administrative,5.99,35.46,4.79,39.6,34.6,Sunny
2026-08-22,12:00:00,Hostel,Residential,20.31,28.27,15.84,19.3,34.6,Sunny
2026-08-22,14:00:00,Main Block,Academic,11.83,51.09,11.03,91.6,37.1,Sunny
2026-08-22,14:00:00,Computer Lab,Laboratory,13.8,36.97,11.5,49.4,37.1,Sunny
2026-08-22,14:00:00,Library,Library,9.1,32.6,6.97,52.4,37.1,Sunny
2026-08-22,14:00:00,Administration Block,Administrative,7.83,29.57,7.28,49.6,37.1,Sunny
2026-08-22,14:00:00,Hostel,Residential,19.35,26.53,18.31,23.0,37.1,Sunny
2026-08-22,16:00:00,Main Block,Academic,8.75,26.64,7.06,98.0,36.8,Sunny
2026-08-22,16:00:00,Computer Lab,Laboratory,12.39,19.55,10.66,53.4,36.8,Sunny
2026-08-22,16:00:00,Library,Library,6.8,17.03,5.87,57.4,36.8,Sunny
2026-08-22,16:00:00,Administration Block,Administrative,6.5,15.92,5.48,54.3,36.8,Sunny
2026-08-22,16:00:00,Hostel,Residential,20.7,13.38,13.38,21.4,36.8,Sunny
2026-08-22,18:00:00,Main Block,Academic,5.36,8.84,4.28,98.0,33.7,Sunny
2026-08-22,18:00:00,Computer Lab,Laboratory,5.8,6.29,4.62,54.2,33.7,Sunny
2026-08-22,18:00:00,Library,Library,3.86,5.96,3.57,58.5,33.7,Sunny
2026-08-22,18:00:00,Administration Block,Administrative,3.86,4.58,3.4,54.8,33.7,Sunny
2026-08-22,18:00:00,Hostel,Residential,41.17,4.4,4.4,13.3,33.7,Sunny
2026-08-22,20:00:00,Main Block,Academic,4.83,0.0,0.0,96.9,31.3,Sunny
2026-08-22,20:00:00,Computer Lab,Laboratory,6.29,0.0,0.0,52.8,31.3,Sunny
2026-08-22,20:00:00,Library,Library,3.68,0.0,0.0,57.7,31.3,Sunny
2026-08-22,20:00:00,Administration Block,Administrative,3.89,0.0,0.0,53.9,31.3,Sunny
2026-08-22,20:00:00,Hostel,Residential,45.79,0.0,0.0,12.0,31.3,Sunny
2026-08-22,22:00:00,Main Block,Academic,5.36,0.0,0.0,95.7,28.9,Sunny
2026-08-22,22:00:00,Computer Lab,Laboratory,6.32,0.0,0.0,51.4,28.9,Sunny
2026-08-22,22:00:00,Library,Library,4.09,0.0,0.0,56.8,28.9,Sunny
2026-08-22,22:00:00,Administration Block,Administrative,3.53,0.0,0.0,53.1,28.9,Sunny
2026-08-22,22:00:00,Hostel,Residential,40.56,0.0,0.0,12.0,28.9,Sunny
2026-08-23,00:00:00,Main Block,Academic,5.3,0.0,0.0,94.5,25.2,Sunny
2026-08-23,00:00:00,Computer Lab,Laboratory,5.87,0.0,0.0,50.1,25.2,Sunny
2026-08-23,00:00:00,Library,Library,4.0,0.0,0.0,55.9,25.2,Sunny
2026-08-23,00:00:00,Administration Block,Administrative,3.56,0.0,0.0,52.3,25.2,Sunny
2026-08-23,00:00:00,Hostel,Residential,14.5,0.0,0.0,12.0,25.2,Sunny
2026-08-23,02:00:00,Main Block,Academic,4.85,0.0,0.0,93.4,24.1,Sunny
2026-08-23,02:00:00,Computer Lab,Laboratory,6.11,0.0,0.0,48.8,24.1,Sunny
2026-08-23,02:00:00,Library,Library,4.09,0.0,0.0,55.0,24.1,Sunny
2026-08-23,02:00:00,Administration Block,Administrative,3.74,0.0,0.0,51.5,24.1,Sunny
2026-08-23,02:00:00,Hostel,Residential,14.43,0.0,0.0,12.0,24.1,Sunny
2026-08-23,04:00:00,Main Block,Academic,4.7,0.0,0.0,92.4,24.6,Sunny
2026-08-23,04:00:00,Computer Lab,Laboratory,6.0,0.0,0.0,47.5,24.6,Sunny
2026-08-23,04:00:00,Library,Library,4.01,0.0,0.0,54.1,24.6,Sunny
2026-08-23,04:00:00,Administration Block,Administrative,3.4,0.0,0.0,50.8,24.6,Sunny
2026-08-23,04:00:00,Hostel,Residential,11.7,0.0,0.0,12.0,24.6,Sunny
2026-08-23,06:00:00,Main Block,Academic,4.96,3.97,3.97,92.2,26.8,Sunny
2026-08-23,06:00:00,Computer Lab,Laboratory,6.01,2.88,2.88,46.8,26.8,Sunny
2026-08-23,06:00:00,Library,Library,3.72,2.5,2.5,53.8,26.8,Sunny
2026-08-23,06:00:00,Administration Block,Administrative,3.79,2.38,2.38,50.5,26.8,Sunny
2026-08-23,06:00:00,Hostel,Residential,38.19,1.92,1.92,12.0,26.8,Sunny
2026-08-23,08:00:00,Main Block,Academic,4.92,16.11,4.36,97.5,29.3,Sunny
2026-08-23,08:00:00,Computer Lab,Laboratory,6.06,12.97,4.58,50.6,29.3,Sunny
2026-08-23,08:00:00,Library,Library,3.9,10.64,3.51,57.0,29.3,Sunny
2026-08-23,08:00:00,Administration Block,Administrative,3.46,9.33,3.15,53.3,29.3,Sunny
2026-08-23,08:00:00,Hostel,Residential,39.53,7.44,7.44,12.0,29.3,Sunny
2026-08-23,10:00:00,Main Block,Academic,8.5,41.22,7.01,98.0,33.6,Sunny
2026-08-23,10:00:00,Computer Lab,Laboratory,11.53,30.11,9.99,59.7,33.6,Sunny
2026-08-23,10:00:00,Library,Library,6.83,27.44,5.15,67.0,33.6,Sunny
2026-08-23,10:00:00,Administration Block,Administrative,6.01,24.33,5.04,62.0,33.6,Sunny
2026-08-23,10:00:00,Hostel,Residential,19.19,20.86,17.58,13.5,33.6,Sunny
2026-08-23,12:00:00,Main Block,Academic,8.39,57.23,6.57,98.0,35.0,Sunny
2026-08-23,12:00:00,Computer Lab,Laboratory,11.89,42.48,8.99,74.8,35.0,Sunny
2026-08-23,12:00:00,Library,Library,6.74,36.7,5.31,81.1,35.0,Sunny
2026-08-23,12:00:00,Administration Block,Administrative,6.24,35.57,4.72,75.9,35.0,Sunny
2026-08-23,12:00:00,Hostel,Residential,20.79,27.66,16.82,18.4,35.0,Sunny
2026-08-23,14:00:00,Main Block,Academic,11.28,47.26,9.09,98.0,36.3,Sunny
2026-08-23,14:00:00,Computer Lab,Laboratory,13.31,40.26,11.38,87.8,36.3,Sunny
2026-08-23,14:00:00,Library,Library,9.21,35.32,8.73,93.1,36.3,Sunny
2026-08-23,14:00:00,Administration Block,Administrative,8.35,28.92,7.17,85.7,36.3,Sunny
2026-08-23,14:00:00,Hostel,Residential,20.35,26.95,17.31,22.7,36.3,Sunny
2026-08-23,16:00:00,Main Block,Academic,8.92,26.04,7.08,98.0,35.9,Sunny
2026-08-23,16:00:00,Computer Lab,Laboratory,12.49,20.95,9.51,92.9,35.9,Sunny
2026-08-23,16:00:00,Library,Library,7.96,17.94,7.19,97.9,35.9,Sunny
2026-08-23,16:00:00,Administration Block,Administrative,7.25,16.76,5.58,90.7,35.9,Sunny
2026-08-23,16:00:00,Hostel,Residential,20.91,12.91,12.91,20.9,35.9,Sunny
2026-08-23,18:00:00,Main Block,Academic,4.68,9.15,3.72,98.0,34.8,Sunny
2026-08-23,18:00:00,Computer Lab,Laboratory,6.65,6.67,5.46,93.4,34.8,Sunny
2026-08-23,18:00:00,Library,Library,4.17,5.97,3.27,98.0,34.8,Sunny
2026-08-23,18:00:00,Administration Block,Administrative,3.65,5.19,3.25,91.6,34.8,Sunny
2026-08-23,18:00:00,Hostel,Residential,41.58,3.94,3.94,12.6,34.8,Sunny
2026-08-23,20:00:00,Main Block,Academic,5.09,0.0,0.0,96.9,32.0,Sunny
2026-08-23,20:00:00,Computer Lab,Laboratory,6.36,0.0,0.0,92.0,32.0,Sunny
2026-08-23,20:00:00,Library,Library,3.76,0.0,0.0,97.2,32.0,Sunny
2026-08-23,20:00:00,Administration Block,Administrative,3.88,0.0,0.0,90.7,32.0,Sunny
2026-08-23,20:00:00,Hostel,Residential,48.92,0.0,0.0,12.0,32.0,Sunny
2026-08-23,22:00:00,Main Block,Academic,5.03,0.0,0.0,95.8,27.9,Sunny
2026-08-23,22:00:00,Computer Lab,Laboratory,5.89,0.0,0.0,90.7,27.9,Sunny
2026-08-23,22:00:00,Library,Library,3.79,0.0,0.0,96.4,27.9,Sunny
2026-08-23,22:00:00,Administration Block,Administrative,3.44,0.0,0.0,89.9,27.9,Sunny
2026-08-23,22:00:00,Hostel,Residential,39.98,0.0,0.0,12.0,27.9,Sunny
2026-08-24,00:00:00,Main Block,Academic,6.59,0.0,0.0,94.4,20.8,Cloudy
2026-08-24,00:00:00,Computer Lab,Laboratory,9.34,0.0,0.0,88.6,20.8,Cloudy
2026-08-24,00:00:00,Library,Library,5.34,0.0,0.0,16.8,20.8,Cloudy
2026-08-24,00:00:00,Administration Block,Administrative,5.33,0.0,0.0,88.7,20.8,Cloudy
2026-08-24,00:00:00,Hostel,Residential,14.25,0.0,0.0,12.0,20.8,Cloudy
2026-08-24,02:00:00,Main Block,Academic,4.92,0.0,0.0,93.3,20.8,Cloudy
2026-08-24,02:00:00,Computer Lab,Laboratory,113.71,0.0,0.0,87.2,20.8,Cloudy
2026-08-24,02:00:00,Library,Library,3.73,0.0,0.0,16.0,20.8,Cloudy
2026-08-24,02:00:00,Administration Block,Administrative,3.75,0.0,0.0,87.9,20.8,Cloudy
2026-08-24,02:00:00,Hostel,Residential,15.22,0.0,0.0,12.0,20.8,Cloudy
2026-08-24,04:00:00,Main Block,Academic,4.83,0.0,0.0,92.2,21.2,Cloudy
2026-08-24,04:00:00,Computer Lab,Laboratory,6.13,0.0,0.0,85.9,21.2,Cloudy
2026-08-24,04:00:00,Library,Library,3.49,0.0,0.0,15.2,21.2,Cloudy
2026-08-24,04:00:00,Administration Block,Administrative,3.45,0.0,0.0,87.1,21.2,Cloudy
2026-08-24,04:00:00,Hostel,Residential,12.82,0.0,0.0,12.0,21.2,Cloudy
2026-08-24,06:00:00,Main Block,Academic,6.82,1.7,1.7,16.9,23.1,Cloudy
2026-08-24,06:00:00,Computer Lab,Laboratory,9.27,1.27,1.27,84.1,23.1,Cloudy
2026-08-24,06:00:00,Library,Library,5.84,1.0,1.0,14.1,23.1,Cloudy
2026-08-24,06:00:00,Administration Block,Administrative,5.34,0.88,0.88,86.1,23.1,Cloudy
2026-08-24,06:00:00,Hostel,Residential,37.45,0.81,0.81,12.0,23.1,Cloudy
2026-08-24,08:00:00,Main Block,Academic,21.5,6.0,6.0,13.5,24.8,Cloudy
2026-08-24,08:00:00,Computer Lab,Laboratory,25.77,4.74,4.74,79.5,24.8,Cloudy
2026-08-24,08:00:00,Library,Library,18.68,4.28,4.28,12.0,24.8,Cloudy
2026-08-24,08:00:00,Administration Block,Administrative,14.98,3.74,3.74,83.6,24.8,Cloudy
2026-08-24,08:00:00,Hostel,Residential,43.21,3.05,3.05,12.0,24.8,Cloudy
2026-08-24,10:00:00,Main Block,Academic,33.13,16.8,16.8,12.0,28.0,Cloudy
2026-08-24,10:00:00,Computer Lab,Laboratory,41.79,12.2,12.2,73.0,28.0,Cloudy
2026-08-24,10:00:00,Library,Library,25.06,10.62,10.62,12.0,28.0,Cloudy
2026-08-24,10:00:00,Administration Block,Administrative,22.54,9.79,9.79,80.8,28.0,Cloudy
2026-08-24,10:00:00,Hostel,Residential,17.86,7.37,7.37,12.0,28.0,Cloudy
2026-08-24,12:00:00,Main Block,Academic,35.36,23.84,23.84,12.0,31.1,Cloudy
2026-08-24,12:00:00,Computer Lab,Laboratory,40.89,16.08,16.08,67.5,31.1,Cloudy
2026-08-24,12:00:00,Library,Library,25.34,15.02,15.02,12.0,31.1,Cloudy
2026-08-24,12:00:00,Administration Block,Administrative,25.02,13.64,13.64,14.1,31.1,Cloudy
2026-08-24,12:00:00,Hostel,Residential,18.27,10.77,10.77,12.0,31.1,Cloudy
2026-08-24,14:00:00,Main Block,Academic,39.51,20.77,20.77,12.0,31.8,Cloudy
2026-08-24,14:00:00,Computer Lab,Laboratory,46.98,16.11,16.11,60.7,31.8,Cloudy
2026-08-24,14:00:00,Library,Library,29.92,13.44,13.44,12.0,31.8,Cloudy
2026-08-24,14:00:00,Administration Block,Administrative,26.29,12.28,12.28,12.0,31.8,Cloudy
2026-08-24,14:00:00,Hostel,Residential,18.43,10.2,10.2,12.0,31.8,Cloudy
2026-08-24,16:00:00,Main Block,Academic,38.51,11.24,11.24,12.0,31.6,Cloudy
2026-08-24,16:00:00,Computer Lab,Laboratory,48.33,8.0,8.0,51.8,31.6,Cloudy
2026-08-24,16:00:00,Library,Library,26.76,7.58,7.58,12.0,31.6,Cloudy
2026-08-24,16:00:00,Administration Block,Administrative,27.76,6.54,6.54,12.0,31.6,Cloudy
2026-08-24,16:00:00,Hostel,Residential,17.75,5.57,5.57,12.0,31.6,Cloudy
2026-08-24,18:00:00,Main Block,Academic,16.16,3.2,3.2,12.0,30.4,Cloudy
2026-08-24,18:00:00,Computer Lab,Laboratory,19.05,2.74,2.74,48.2,30.4,Cloudy
2026-08-24,18:00:00,Library,Library,11.63,2.41,2.41,15.5,30.4,Cloudy
2026-08-24,18:00:00,Administration Block,Administrative,10.82,1.93,1.93,12.0,30.4,Cloudy
2026-08-24,18:00:00,Hostel,Residential,41.32,1.77,1.77,12.0,30.4,Cloudy
2026-08-24,20:00:00,Main Block,Academic,6.9,0.0,0.0,12.0,26.7,Cloudy
2026-08-24,20:00:00,Computer Lab,Laboratory,8.87,0.0,0.0,46.2,26.7,Cloudy
2026-08-24,20:00:00,Library,Library,5.89,0.0,0.0,14.2,26.7,Cloudy
2026-08-24,20:00:00,Administration Block,Administrative,5.05,0.0,0.0,12.0,26.7,Cloudy
2026-08-24,20:00:00,Hostel,Residential,47.3,0.0,0.0,12.0,26.7,Cloudy
2026-08-24,22:00:00,Main Block,Academic,6.9,0.0,0.0,12.0,23.5,Cloudy
2026-08-24,22:00:00,Computer Lab,Laboratory,8.73,0.0,0.0,44.3,23.5,Cloudy
2026-08-24,22:00:00,Library,Library,5.09,0.0,0.0,13.1,23.5,Cloudy
2026-08-24,22:00:00,Administration Block,Administrative,4.72,0.0,0.0,12.0,23.5,Cloudy
2026-08-24,22:00:00,Hostel,Residential,44.79,0.0,0.0,18.8,23.5,Cloudy
2026-08-25,00:00:00,Main Block,Academic,7.28,0.0,0.0,12.0,25.3,Sunny
2026-08-25,00:00:00,Computer Lab,Laboratory,9.34,0.0,0.0,42.2,25.3,Sunny
2026-08-25,00:00:00,Library,Library,5.85,0.0,0.0,12.0,25.3,Sunny
2026-08-25,00:00:00,Administration Block,Administrative,4.62,0.0,0.0,12.0,25.3,Sunny
2026-08-25,00:00:00,Hostel,Residential,14.19,0.0,0.0,15.7,25.3,Sunny
2026-08-25,02:00:00,Main Block,Academic,4.84,0.0,0.0,12.0,24.2,Sunny
2026-08-25,02:00:00,Computer Lab,Laboratory,6.26,0.0,0.0,40.8,24.2,Sunny
2026-08-25,02:00:00,Library,Library,3.69,0.0,0.0,12.0,24.2,Sunny
2026-08-25,02:00:00,Administration Block,Administrative,3.8,0.0,0.0,12.0,24.2,Sunny
2026-08-25,02:00:00,Hostel,Residential,13.99,0.0,0.0,12.6,24.2,Sunny
2026-08-25,04:00:00,Main Block,Academic,4.64,0.0,0.0,12.0,25.7,Sunny
2026-08-25,04:00:00,Computer Lab,Laboratory,6.16,0.0,0.0,39.4,25.7,Sunny
2026-08-25,04:00:00,Library,Library,3.63,0.0,0.0,12.0,25.7,Sunny
2026-08-25,04:00:00,Administration Block,Administrative,3.42,0.0,0.0,12.0,25.7,Sunny
2026-08-25,04:00:00,Hostel,Residential,11.75,0.0,0.0,12.0,25.7,Sunny
2026-08-25,06:00:00,Main Block,Academic,7.3,4.1,4.1,12.0,26.4,Sunny
2026-08-25,06:00:00,Computer Lab,Laboratory,9.19,3.11,3.11,38.1,26.4,Sunny
2026-08-25,06:00:00,Library,Library,5.16,2.56,2.56,12.0,26.4,Sunny
2026-08-25,06:00:00,Administration Block,Administrative,4.67,2.43,2.43,12.0,26.4,Sunny
2026-08-25,06:00:00,Hostel,Residential,33.51,1.88,1.88,12.0,26.4,Sunny
2026-08-25,08:00:00,Main Block,Academic,21.5,15.97,15.97,12.0,30.3,Sunny
2026-08-25,08:00:00,Computer Lab,Laboratory,28.92,11.64,11.64,34.3,30.3,Sunny
2026-08-25,08:00:00,Library,Library,17.61,10.94,10.94,12.0,30.3,Sunny
2026-08-25,08:00:00,Administration Block,Administrative,14.8,9.2,9.2,12.0,30.3,Sunny
2026-08-25,08:00:00,Hostel,Residential,39.79,8.5,8.5,12.0,30.3,Sunny
2026-08-25,10:00:00,Main Block,Academic,32.28,41.65,29.05,17.7,32.6,Sunny
2026-08-25,10:00:00,Computer Lab,Laboratory,43.93,28.48,28.48,30.9,32.6,Sunny
2026-08-25,10:00:00,Library,Library,25.36,26.47,23.91,13.2,32.6,Sunny
2026-08-25,10:00:00,Administration Block,Administrative,25.76,23.43,22.81,12.3,32.6,Sunny
2026-08-25,10:00:00,Hostel,Residential,18.2,19.36,13.72,14.5,32.6,Sunny
2026-08-25,12:00:00,Main Block,Academic,35.61,53.22,33.2,26.7,35.7,Sunny
2026-08-25,12:00:00,Computer Lab,Laboratory,43.37,39.92,34.72,33.2,35.7,Sunny
2026-08-25,12:00:00,Library,Library,28.14,37.23,26.55,18.0,35.7,Sunny
2026-08-25,12:00:00,Administration Block,Administrative,24.95,33.19,20.59,18.0,35.7,Sunny
2026-08-25,12:00:00,Hostel,Residential,18.44,27.69,15.55,20.0,35.7,Sunny
2026-08-25,14:00:00,Main Block,Academic,41.64,49.88,32.08,34.7,36.7,Sunny
2026-08-25,14:00:00,Computer Lab,Laboratory,50.76,40.02,40.02,30.8,36.7,Sunny
2026-08-25,14:00:00,Library,Library,31.64,32.74,24.41,21.7,36.7,Sunny
2026-08-25,14:00:00,Administration Block,Administrative,26.3,31.78,23.09,21.9,36.7,Sunny
2026-08-25,14:00:00,Hostel,Residential,19.99,24.41,17.84,23.0,36.7,Sunny
2026-08-25,16:00:00,Main Block,Academic,35.34,25.34,25.34,32.5,36.7,Sunny
2026-08-25,16:00:00,Computer Lab,Laboratory,48.57,21.03,21.03,24.7,36.7,Sunny
2026-08-25,16:00:00,Library,Library,29.15,18.3,18.3,19.3,36.7,Sunny
2026-08-25,16:00:00,Administration Block,Administrative,27.01,16.0,16.0,19.5,36.7,Sunny
2026-08-25,16:00:00,Hostel,Residential,18.17,13.22,13.22,21.9,36.7,Sunny
2026-08-25,18:00:00,Main Block,Academic,15.91,8.59,8.59,30.9,33.4,Sunny
2026-08-25,18:00:00,Computer Lab,Laboratory,19.95,6.1,6.1,21.7,33.4,Sunny
2026-08-25,18:00:00,Library,Library,12.65,6.02,6.02,17.8,33.4,Sunny
2026-08-25,18:00:00,Administration Block,Administrative,11.01,5.22,5.22,18.2,33.4,Sunny
2026-08-25,18:00:00,Hostel,Residential,41.34,4.04,4.04,13.7,33.4,Sunny
2026-08-25,20:00:00,Main Block,Academic,6.73,0.0,0.0,29.4,30.7,Sunny
2026-08-25,20:00:00,Computer Lab,Laboratory,9.18,0.0,0.0,19.7,30.7,Sunny
2026-08-25,20:00:00,Library,Library,5.73,0.0,0.0,16.5,30.7,Sunny
2026-08-25,20:00:00,Administration Block,Administrative,4.75,0.0,0.0,17.2,30.7,Sunny
2026-08-25,20:00:00,Hostel,Residential,50.39,0.0,0.0,12.0,30.7,Sunny
2026-08-25,22:00:00,Main Block,Academic,6.54,0.0,0.0,28.0,27.9,Sunny
2026-08-25,22:00:00,Computer Lab,Laboratory,8.55,0.0,0.0,17.8,27.9,Sunny
2026-08-25,22:00:00,Library,Library,5.71,0.0,0.0,15.2,27.9,Sunny
2026-08-25,22:00:00,Administration Block,Administrative,4.85,0.0,0.0,16.1,27.9,Sunny
2026-08-25,22:00:00,Hostel,Residential,45.45,0.0,0.0,12.0,27.9,Sunny
2026-08-26,00:00:00,Main Block,Academic,6.77,0.0,0.0,26.5,25.4,Sunny
2026-08-26,00:00:00,Computer Lab,Laboratory,9.24,0.0,0.0,15.8,25.4,Sunny
2026-08-26,00:00:00,Library,Library,5.47,0.0,0.0,14.0,25.4,Sunny
2026-08-26,00:00:00,Administration Block,Administrative,5.29,0.0,0.0,14.9,25.4,Sunny
2026-08-26,00:00:00,Hostel,Residential,13.68,0.0,0.0,12.0,25.4,Sunny
2026-08-26,02:00:00,Main Block,Academic,4.67,0.0,0.0,25.5,25.3,Sunny
2026-08-26,02:00:00,Computer Lab,Laboratory,6.66,0.0,0.0,14.3,25.3,Sunny
2026-08-26,02:00:00,Library,Library,4.17,0.0,0.0,13.1,25.3,Sunny
2026-08-26,02:00:00,Administration Block,Administrative,3.52,0.0,0.0,14.1,25.3,Sunny
2026-08-26,02:00:00,Hostel,Residential,14.38,0.0,0.0,12.0,25.3,Sunny
2026-08-26,04:00:00,Main Block,Academic,4.95,0.0,0.0,24.4,24.2,Sunny
2026-08-26,04:00:00,Computer Lab,Laboratory,5.52,0.0,0.0,13.1,24.2,Sunny
2026-08-26,04:00:00,Library,Library,3.63,0.0,0.0,12.3,24.2,Sunny
2026-08-26,04:00:00,Administration Block,Administrative,3.38,0.0,0.0,13.4,24.2,Sunny
2026-08-26,04:00:00,Hostel,Residential,13.17,0.0,0.0,12.0,24.2,Sunny
2026-08-26,06:00:00,Main Block,Academic,6.74,4.08,4.08,23.8,26.8,Sunny
2026-08-26,06:00:00,Computer Lab,Laboratory,8.66,3.02,3.02,12.0,26.8,Sunny
2026-08-26,06:00:00,Library,Library,5.57,2.43,2.43,12.0,26.8,Sunny
2026-08-26,06:00:00,Administration Block,Administrative,5.17,2.19,2.19,12.7,26.8,Sunny
2026-08-26,06:00:00,Hostel,Residential,36.18,2.06,2.06,12.0,26.8,Sunny
2026-08-26,08:00:00,Main Block,Academic,22.88,15.84,15.84,22.3,29.9,Sunny
2026-08-26,08:00:00,Computer Lab,Laboratory,27.48,11.2,11.2,12.0,29.9,Sunny
2026-08-26,08:00:00,Library,Library,17.24,9.92,9.92,12.0,29.9,Sunny
2026-08-26,08:00:00,Administration Block,Administrative,16.85,8.93,8.93,12.0,29.9,Sunny
2026-08-26,08:00:00,Hostel,Residential,42.8,7.73,7.73,12.0,29.9,Sunny
2026-08-26,10:00:00,Main Block,Academic,32.09,38.57,27.85,27.1,32.5,Sunny
2026-08-26,10:00:00,Computer Lab,Laboratory,40.37,30.92,30.92,12.0,32.5,Sunny
2026-08-26,10:00:00,Library,Library,25.91,27.1,22.52,14.1,32.5,Sunny
2026-08-26,10:00:00,Administration Block,Administrative,23.74,24.27,22.53,12.8,32.5,Sunny
2026-08-26,10:00:00,Hostel,Residential,18.42,20.85,15.14,14.6,32.5,Sunny
2026-08-26,12:00:00,Main Block,Academic,36.59,61.28,30.39,41.0,34.8,Sunny
2026-08-26,12:00:00,Computer Lab,Laboratory,44.23,40.73,39.67,12.5,34.8,Sunny
2026-08-26,12:00:00,Library,Library,25.41,37.6,22.36,21.0,34.8,Sunny
2026-08-26,12:00:00,Administration Block,Administrative,22.58,35.53,18.09,20.6,34.8,Sunny
2026-08-26,12:00:00,Hostel,Residential,19.01,26.79,18.04,18.5,34.8,Sunny
2026-08-26,14:00:00,Main Block,Academic,40.56,46.94,36.02,45.9,36.7,Sunny
2026-08-26,14:00:00,Computer Lab,Laboratory,48.53,38.29,38.29,12.0,36.7,Sunny
2026-08-26,14:00:00,Library,Library,29.37,34.8,25.73,25.1,36.7,Sunny
2026-08-26,14:00:00,Administration Block,Administrative,27.37,30.3,24.15,23.4,36.7,Sunny
2026-08-26,14:00:00,Hostel,Residential,18.2,25.75,14.15,23.7,36.7,Sunny
2026-08-26,16:00:00,Main Block,Academic,34.21,27.68,26.46,46.4,36.6,Sunny
2026-08-26,16:00:00,Computer Lab,Laboratory,42.83,18.87,18.87,12.0,36.6,Sunny
2026-08-26,16:00:00,Library,Library,27.31,17.2,17.2,22.9,36.6,Sunny
2026-08-26,16:00:00,Administration Block,Administrative,24.84,16.11,16.11,21.5,36.6,Sunny
2026-08-26,16:00:00,Hostel,Residential,17.51,13.38,13.38,22.8,36.6,Sunny
2026-08-26,18:00:00,Main Block,Academic,14.98,7.85,7.85,44.8,34.8,Sunny
2026-08-26,18:00:00,Computer Lab,Laboratory,20.5,6.7,6.7,12.0,34.8,Sunny
2026-08-26,18:00:00,Library,Library,11.42,5.31,5.31,21.6,34.8,Sunny
2026-08-26,18:00:00,Administration Block,Administrative,11.39,4.65,4.65,20.0,34.8,Sunny
2026-08-26,18:00:00,Hostel,Residential,37.32,4.57,4.57,15.6,34.8,Sunny
2026-08-26,20:00:00,Main Block,Academic,6.55,0.0,0.0,43.4,31.2,Sunny
2026-08-26,20:00:00,Computer Lab,Laboratory,8.29,0.0,0.0,12.0,31.2,Sunny
2026-08-26,20:00:00,Library,Library,5.09,0.0,0.0,20.5,31.2,Sunny
2026-08-26,20:00:00,Administration Block,Administrative,4.83,0.0,0.0,18.9,31.2,Sunny
2026-08-26,20:00:00,Hostel,Residential,51.34,0.0,0.0,12.0,31.2,Sunny
2026-08-26,22:00:00,Main Block,Academic,7.27,0.0,0.0,41.8,27.9,Sunny
2026-08-26,22:00:00,Computer Lab,Laboratory,8.18,0.0,0.0,12.0,27.9,Sunny
2026-08-26,22:00:00,Library,Library,5.73,0.0,0.0,19.2,27.9,Sunny
2026-08-26,22:00:00,Administration Block,Administrative,4.64,0.0,0.0,17.9,27.9,Sunny
2026-08-26,22:00:00,Hostel,Residential,45.89,0.0,0.0,12.0,27.9,Sunny
2026-08-27,00:00:00,Main Block,Academic,6.84,0.0,0.0,40.3,23.2,Partly Cloudy
2026-08-27,00:00:00,Computer Lab,Laboratory,8.66,0.0,0.0,12.0,23.2,Partly Cloudy
2026-08-27,00:00:00,Library,Library,5.61,0.0,0.0,18.0,23.2,Partly Cloudy
2026-08-27,00:00:00,Administration Block,Administrative,5.3,0.0,0.0,16.7,23.2,Partly Cloudy
2026-08-27,00:00:00,Hostel,Residential,12.62,0.0,0.0,12.0,23.2,Partly Cloudy
2026-08-27,02:00:00,Main Block,Academic,4.76,0.0,0.0,39.3,23.1,Partly Cloudy
2026-08-27,02:00:00,Computer Lab,Laboratory,6.17,0.0,0.0,12.0,23.1,Partly Cloudy
2026-08-27,02:00:00,Library,Library,3.8,0.0,0.0,17.2,23.1,Partly Cloudy
2026-08-27,02:00:00,Administration Block,Administrative,3.52,0.0,0.0,15.9,23.1,Partly Cloudy
2026-08-27,02:00:00,Hostel,Residential,15.7,0.0,0.0,12.0,23.1,Partly Cloudy
2026-08-27,04:00:00,Main Block,Academic,4.8,0.0,0.0,38.2,23.4,Partly Cloudy
2026-08-27,04:00:00,Computer Lab,Laboratory,121.44,0.0,0.0,12.0,23.4,Partly Cloudy
2026-08-27,04:00:00,Library,Library,3.42,0.0,0.0,16.4,23.4,Partly Cloudy
2026-08-27,04:00:00,Administration Block,Administrative,3.58,0.0,0.0,15.1,23.4,Partly Cloudy
2026-08-27,04:00:00,Hostel,Residential,11.69,0.0,0.0,12.0,23.4,Partly Cloudy
2026-08-27,06:00:00,Main Block,Academic,7.05,3.1,3.1,37.3,24.7,Partly Cloudy
2026-08-27,06:00:00,Computer Lab,Laboratory,8.24,2.18,2.18,12.0,24.7,Partly Cloudy
2026-08-27,06:00:00,Library,Library,5.04,2.03,2.03,15.7,24.7,Partly Cloudy
2026-08-27,06:00:00,Administration Block,Administrative,5.34,1.63,1.63,14.3,24.7,Partly Cloudy
2026-08-27,06:00:00,Hostel,Residential,34.0,1.46,1.46,12.0,24.7,Partly Cloudy
2026-08-27,08:00:00,Main Block,Academic,21.73,12.44,12.44,35.3,27.3,Partly Cloudy
2026-08-27,08:00:00,Computer Lab,Laboratory,29.2,9.15,9.15,12.0,27.3,Partly Cloudy
2026-08-27,08:00:00,Library,Library,18.95,8.25,8.25,13.3,27.3,Partly Cloudy
2026-08-27,08:00:00,Administration Block,Administrative,16.06,7.25,7.25,12.4,27.3,Partly Cloudy
2026-08-27,08:00:00,Hostel,Residential,43.04,5.8,5.8,12.0,27.3,Partly Cloudy
2026-08-27,10:00:00,Main Block,Academic,33.49,30.99,28.86,36.3,31.1,Partly Cloudy
2026-08-27,10:00:00,Computer Lab,Laboratory,45.97,20.57,20.57,12.0,31.1,Partly Cloudy
2026-08-27,10:00:00,Library,Library,25.33,20.69,20.69,12.3,31.1,Partly Cloudy
2026-08-27,10:00:00,Administration Block,Administrative,25.81,16.06,16.06,12.0,31.1,Partly Cloudy
2026-08-27,10:00:00,Hostel,Residential,18.12,15.79,13.77,12.9,31.1,Partly Cloudy
2026-08-27,12:00:00,Main Block,Academic,34.93,42.54,27.84,42.9,32.8,Partly Cloudy
2026-08-27,12:00:00,Computer Lab,Laboratory,44.74,32.13,32.13,12.0,32.8,Partly Cloudy
2026-08-27,12:00:00,Library,Library,26.6,27.1,22.6,14.3,32.8,Partly Cloudy
2026-08-27,12:00:00,Administration Block,Administrative,24.99,23.65,20.8,13.3,32.8,Partly Cloudy
2026-08-27,12:00:00,Hostel,Residential,19.07,19.93,14.65,15.3,32.8,Partly Cloudy
2026-08-27,14:00:00,Main Block,Academic,40.34,36.87,34.36,44.0,34.6,Partly Cloudy
2026-08-27,14:00:00,Computer Lab,Laboratory,47.16,29.26,29.26,12.0,34.6,Partly Cloudy
2026-08-27,14:00:00,Library,Library,30.42,23.6,23.6,12.8,34.6,Partly Cloudy
2026-08-27,14:00:00,Administration Block,Administrative,28.07,22.38,22.38,12.0,34.6,Partly Cloudy
2026-08-27,14:00:00,Hostel,Residential,18.82,19.46,16.81,16.5,34.6,Partly Cloudy
2026-08-27,16:00:00,Main Block,Academic,38.03,19.23,19.23,39.9,33.4,Partly Cloudy
2026-08-27,16:00:00,Computer Lab,Laboratory,48.06,16.14,16.14,12.0,33.4,Partly Cloudy
2026-08-27,16:00:00,Library,Library,28.79,13.81,13.81,12.0,33.4,Partly Cloudy
2026-08-27,16:00:00,Administration Block,Administrative,24.68,11.07,11.07,12.0,33.4,Partly Cloudy
2026-08-27,16:00:00,Hostel,Residential,19.57,9.44,9.44,14.3,33.4,Partly Cloudy
2026-08-27,18:00:00,Main Block,Academic,16.46,6.27,6.27,37.7,31.7,Partly Cloudy
2026-08-27,18:00:00,Computer Lab,Laboratory,20.12,4.94,4.94,12.0,31.7,Partly Cloudy
2026-08-27,18:00:00,Library,Library,11.93,4.53,4.53,12.0,31.7,Partly Cloudy
2026-08-27,18:00:00,Administration Block,Administrative,11.16,3.87,3.87,12.0,31.7,Partly Cloudy
2026-08-27,18:00:00,Hostel,Residential,39.98,3.41,3.41,12.0,31.7,Partly Cloudy
2026-08-27,20:00:00,Main Block,Academic,7.03,0.0,0.0,36.2,29.3,Partly Cloudy
2026-08-27,20:00:00,Computer Lab,Laboratory,8.12,0.0,0.0,12.0,29.3,Partly Cloudy
2026-08-27,20:00:00,Library,Library,5.88,0.0,0.0,12.0,29.3,Partly Cloudy
2026-08-27,20:00:00,Administration Block,Administrative,5.27,0.0,0.0,12.0,29.3,Partly Cloudy
2026-08-27,20:00:00,Hostel,Residential,48.84,0.0,0.0,12.0,29.3,Partly Cloudy
2026-08-27,22:00:00,Main Block,Academic,7.47,0.0,0.0,34.6,26.2,Partly Cloudy
2026-08-27,22:00:00,Computer Lab,Laboratory,8.3,0.0,0.0,12.0,26.2,Partly Cloudy
2026-08-27,22:00:00,Library,Library,5.57,0.0,0.0,12.0,26.2,Partly Cloudy
2026-08-27,22:00:00,Administration Block,Administrative,5.18,0.0,0.0,12.0,26.2,Partly Cloudy
2026-08-27,22:00:00,Hostel,Residential,40.86,0.0,0.0,12.0,26.2,Partly Cloudy
2026-08-28,00:00:00,Main Block,Academic,7.43,0.0,0.0,33.0,25.9,Sunny
2026-08-28,00:00:00,Computer Lab,Laboratory,8.76,0.0,0.0,12.0,25.9,Sunny
2026-08-28,00:00:00,Library,Library,5.4,0.0,0.0,12.0,25.9,Sunny
2026-08-28,00:00:00,Administration Block,Administrative,5.38,0.0,0.0,12.0,25.9,Sunny
2026-08-28,00:00:00,Hostel,Residential,14.4,0.0,0.0,12.0,25.9,Sunny
2026-08-28,02:00:00,Main Block,Academic,4.84,0.0,0.0,31.9,25.0,Sunny
2026-08-28,02:00:00,Computer Lab,Laboratory,6.74,0.0,0.0,12.0,25.0,Sunny
2026-08-28,02:00:00,Library,Library,3.91,0.0,0.0,12.0,25.0,Sunny
2026-08-28,02:00:00,Administration Block,Administrative,3.37,0.0,0.0,12.0,25.0,Sunny
2026-08-28,02:00:00,Hostel,Residential,14.66,0.0,0.0,12.0,25.0,Sunny
2026-08-28,04:00:00,Main Block,Academic,4.87,0.0,0.0,30.8,25.3,Sunny
2026-08-28,04:00:00,Computer Lab,Laboratory,5.67,0.0,0.0,12.0,25.3,Sunny
2026-08-28,04:00:00,Library,Library,3.89,0.0,0.0,12.0,25.3,Sunny
2026-08-28,04:00:00,Administration Block,Administrative,3.46,0.0,0.0,12.0,25.3,Sunny
2026-08-28,04:00:00,Hostel,Residential,13.23,0.0,0.0,12.0,25.3,Sunny
2026-08-28,06:00:00,Main Block,Academic,6.61,4.03,4.03,30.2,27.1,Sunny
2026-08-28,06:00:00,Computer Lab,Laboratory,8.47,3.04,3.04,12.0,27.1,Sunny
2026-08-28,06:00:00,Library,Library,5.59,2.82,2.82,12.0,27.1,Sunny
2026-08-28,06:00:00,Administration Block,Administrative,5.11,2.24,2.24,12.0,27.1,Sunny
2026-08-28,06:00:00,Hostel,Residential,35.39,1.97,1.97,12.0,27.1,Sunny
2026-08-28,08:00:00,Main Block,Academic,22.1,16.69,16.69,29.0,30.0,Sunny
2026-08-28,08:00:00,Computer Lab,Laboratory,27.04,12.7,12.7,12.0,30.0,Sunny
2026-08-28,08:00:00,Library,Library,17.66,9.94,9.94,12.0,30.0,Sunny
2026-08-28,08:00:00,Administration Block,Administrative,16.44,8.95,8.95,12.0,30.0,Sunny
2026-08-28,08:00:00,Hostel,Residential,39.68,7.78,7.78,12.0,30.0,Sunny
2026-08-28,10:00:00,Main Block,Academic,35.16,38.03,31.67,31.9,33.3,Sunny
2026-08-28,10:00:00,Computer Lab,Laboratory,39.45,30.87,30.4,12.2,33.3,Sunny
2026-08-28,10:00:00,Library,Library,28.38,27.14,26.19,12.4,33.3,Sunny
2026-08-28,10:00:00,Administration Block,Administrative,25.31,23.12,20.19,13.3,33.3,Sunny
2026-08-28,10:00:00,Hostel,Residential,19.76,20.54,15.96,14.1,33.3,Sunny
2026-08-28,12:00:00,Main Block,Academic,36.48,56.58,34.34,41.9,35.5,Sunny
2026-08-28,12:00:00,Computer Lab,Laboratory,41.4,43.53,31.16,17.8,35.5,Sunny
2026-08-28,12:00:00,Library,Library,27.35,40.04,25.27,19.0,35.5,Sunny
2026-08-28,12:00:00,Administration Block,Administrative,26.0,34.64,22.87,18.6,35.5,Sunny
2026-08-28,12:00:00,Hostel,Residential,19.67,28.99,17.13,19.4,35.5,Sunny
2026-08-28,14:00:00,Main Block,Academic,42.52,49.08,33.4,49.0,36.9,Sunny
2026-08-28,14:00:00,Computer Lab,Laboratory,47.0,36.1,36.1,15.4,36.9,Sunny
2026-08-28,14:00:00,Library,Library,30.49,33.42,26.26,22.2,36.9,Sunny
2026-08-28,14:00:00,Administration Block,Administrative,26.6,29.95,21.31,22.5,36.9,Sunny
2026-08-28,14:00:00,Hostel,Residential,18.39,26.16,14.36,24.7,36.9,Sunny
2026-08-28,16:00:00,Main Block,Academic,35.48,24.93,24.93,46.7,35.5,Sunny
2026-08-28,16:00:00,Computer Lab,Laboratory,46.49,20.59,20.59,12.0,35.5,Sunny
2026-08-28,16:00:00,Library,Library,29.03,17.47,17.47,19.7,35.5,Sunny
2026-08-28,16:00:00,Administration Block,Administrative,25.32,14.95,14.95,20.2,35.5,Sunny
2026-08-28,16:00:00,Hostel,Residential,17.59,13.4,13.4,23.8,35.5,Sunny
2026-08-28,18:00:00,Main Block,Academic,14.39,8.13,8.13,45.3,34.2,Sunny
2026-08-28,18:00:00,Computer Lab,Laboratory,18.73,6.24,6.24,12.0,34.2,Sunny
2026-08-28,18:00:00,Library,Library,12.59,5.69,5.69,18.2,34.2,Sunny
2026-08-28,18:00:00,Administration Block,Administrative,11.57,5.32,5.32,18.8,34.2,Sunny
2026-08-28,18:00:00,Hostel,Residential,40.05,4.21,4.21,15.9,34.2,Sunny
2026-08-28,20:00:00,Main Block,Academic,7.14,0.0,0.0,43.7,31.5,Sunny
2026-08-28,20:00:00,Computer Lab,Laboratory,9.39,0.0,0.0,12.0,31.5,Sunny
2026-08-28,20:00:00,Library,Library,5.66,0.0,0.0,17.0,31.5,Sunny
2026-08-28,20:00:00,Administration Block,Administrative,4.86,0.0,0.0,17.7,31.5,Sunny
2026-08-28,20:00:00,Hostel,Residential,52.24,0.0,0.0,12.0,31.5,Sunny
2026-08-28,22:00:00,Main Block,Academic,6.87,0.0,0.0,42.2,28.9,Sunny
2026-08-28,22:00:00,Computer Lab,Laboratory,8.81,0.0,0.0,12.0,28.9,Sunny
2026-08-28,22:00:00,Library,Library,5.31,0.0,0.0,15.8,28.9,Sunny
2026-08-28,22:00:00,Administration Block,Administrative,5.33,0.0,0.0,16.5,28.9,Sunny
2026-08-28,22:00:00,Hostel,Residential,45.69,0.0,0.0,12.0,28.9,Sunny
2026-08-29,00:00:00,Main Block,Academic,5.0,0.0,0.0,41.1,26.2,Sunny
2026-08-29,00:00:00,Computer Lab,Laboratory,5.84,0.0,0.0,12.0,26.2,Sunny
2026-08-29,00:00:00,Library,Library,4.21,0.0,0.0,14.9,26.2,Sunny
2026-08-29,00:00:00,Administration Block,Administrative,3.42,0.0,0.0,15.7,26.2,Sunny
2026-08-29,00:00:00,Hostel,Residential,13.53,0.0,0.0,12.0,26.2,Sunny
2026-08-29,02:00:00,Main Block,Academic,4.77,0.0,0.0,40.1,25.3,Sunny
2026-08-29,02:00:00,Computer Lab,Laboratory,6.76,0.0,0.0,12.0,25.3,Sunny
2026-08-29,02:00:00,Library,Library,3.65,0.0,0.0,14.1,25.3,Sunny
2026-08-29,02:00:00,Administration Block,Administrative,3.35,0.0,0.0,15.0,25.3,Sunny
2026-08-29,02:00:00,Hostel,Residential,15.27,0.0,0.0,12.0,25.3,Sunny
2026-08-29,04:00:00,Main Block,Academic,5.33,0.0,0.0,38.9,25.4,Sunny
2026-08-29,04:00:00,Computer Lab,Laboratory,118.34,0.0,0.0,12.0,25.4,Sunny
2026-08-29,04:00:00,Library,Library,4.09,0.0,0.0,13.2,25.4,Sunny
2026-08-29,04:00:00,Administration Block,Administrative,3.87,0.0,0.0,14.1,25.4,Sunny
2026-08-29,04:00:00,Hostel,Residential,12.91,0.0,0.0,12.0,25.4,Sunny
2026-08-29,06:00:00,Main Block,Academic,5.39,4.1,4.1,38.6,27.1,Sunny
2026-08-29,06:00:00,Computer Lab,Laboratory,6.26,2.89,2.89,12.0,27.1,Sunny
2026-08-29,06:00:00,Library,Library,3.68,2.75,2.75,13.0,27.1,Sunny
2026-08-29,06:00:00,Administration Block,Administrative,3.64,2.21,2.21,13.8,27.1,Sunny
2026-08-29,06:00:00,Hostel,Residential,35.59,2.02,2.02,12.0,27.1,Sunny
2026-08-29,08:00:00,Main Block,Academic,5.18,16.17,4.55,43.8,28.9,Sunny
2026-08-29,08:00:00,Computer Lab,Laboratory,6.42,12.53,5.57,15.1,28.9,Sunny
2026-08-29,08:00:00,Library,Library,4.09,10.02,3.83,15.8,28.9,Sunny
2026-08-29,08:00:00,Administration Block,Administrative,3.37,9.79,2.73,17.0,28.9,Sunny
2026-08-29,08:00:00,Hostel,Residential,39.18,8.37,8.37,12.0,28.9,Sunny
2026-08-29,10:00:00,Main Block,Academic,9.27,39.11,7.94,57.8,32.6,Sunny
2026-08-29,10:00:00,Computer Lab,Laboratory,10.64,28.96,9.68,23.8,32.6,Sunny
2026-08-29,10:00:00,Library,Library,7.15,28.03,5.57,25.9,32.6,Sunny
2026-08-29,10:00:00,Administration Block,Administrative,6.64,24.37,6.04,25.2,32.6,Sunny
2026-08-29,10:00:00,Hostel,Residential,21.15,19.25,19.25,12.0,32.6,Sunny
2026-08-29,12:00:00,Main Block,Academic,9.13,54.24,6.86,79.1,35.3,Sunny
2026-08-29,12:00:00,Computer Lab,Laboratory,11.38,46.15,9.23,40.4,35.3,Sunny
2026-08-29,12:00:00,Library,Library,7.57,37.46,6.3,39.9,35.3,Sunny
2026-08-29,12:00:00,Administration Block,Administrative,6.61,33.65,5.17,38.0,35.3,Sunny
2026-08-29,12:00:00,Hostel,Residential,19.49,30.27,15.37,18.7,35.3,Sunny
2026-08-29,14:00:00,Main Block,Academic,11.72,53.43,10.79,98.0,35.9,Sunny
2026-08-29,14:00:00,Computer Lab,Laboratory,15.09,37.78,12.98,51.6,35.9,Sunny
2026-08-29,14:00:00,Library,Library,8.5,31.54,6.54,51.1,35.9,Sunny
2026-08-29,14:00:00,Administration Block,Administrative,8.28,29.51,6.76,48.2,35.9,Sunny
2026-08-29,14:00:00,Hostel,Residential,19.19,25.95,14.78,23.7,35.9,Sunny
2026-08-29,16:00:00,Main Block,Academic,10.0,26.03,8.4,98.0,36.2,Sunny
2026-08-29,16:00:00,Computer Lab,Laboratory,11.96,19.49,10.37,55.7,36.2,Sunny
2026-08-29,16:00:00,Library,Library,7.46,17.48,6.07,56.2,36.2,Sunny
2026-08-29,16:00:00,Administration Block,Administrative,6.64,14.43,5.31,52.3,36.2,Sunny
2026-08-29,16:00:00,Hostel,Residential,19.49,13.89,13.89,22.5,36.2,Sunny
2026-08-29,18:00:00,Main Block,Academic,4.75,8.8,4.4,98.0,34.7,Sunny
2026-08-29,18:00:00,Computer Lab,Laboratory,6.26,6.23,5.08,56.2,34.7,Sunny
2026-08-29,18:00:00,Library,Library,3.99,5.38,3.48,57.1,34.7,Sunny
2026-08-29,18:00:00,Administration Block,Administrative,3.8,5.23,2.96,53.3,34.7,Sunny
2026-08-29,18:00:00,Hostel,Residential,39.24,4.09,4.09,14.8,34.7,Sunny
2026-08-29,20:00:00,Main Block,Academic,4.7,0.0,0.0,97.0,30.6,Sunny
2026-08-29,20:00:00,Computer Lab,Laboratory,5.81,0.0,0.0,54.9,30.6,Sunny
2026-08-29,20:00:00,Library,Library,3.96,0.0,0.0,56.2,30.6,Sunny
2026-08-29,20:00:00,Administration Block,Administrative,3.33,0.0,0.0,52.6,30.6,Sunny
2026-08-29,20:00:00,Hostel,Residential,48.23,0.0,0.0,12.0,30.6,Sunny
2026-08-29,22:00:00,Main Block,Academic,5.37,0.0,0.0,95.8,28.3,Sunny
2026-08-29,22:00:00,Computer Lab,Laboratory,6.35,0.0,0.0,53.5,28.3,Sunny
2026-08-29,22:00:00,Library,Library,3.99,0.0,0.0,55.3,28.3,Sunny
2026-08-29,22:00:00,Administration Block,Administrative,3.89,0.0,0.0,51.7,28.3,Sunny
2026-08-29,22:00:00,Hostel,Residential,45.36,0.0,0.0,12.0,28.3,Sunny
2026-08-30,00:00:00,Main Block,Academic,5.26,0.0,0.0,94.6,25.3,Sunny
2026-08-30,00:00:00,Computer Lab,Laboratory,6.54,0.0,0.0,52.1,25.3,Sunny
2026-08-30,00:00:00,Library,Library,3.83,0.0,0.0,54.5,25.3,Sunny
2026-08-30,00:00:00,Administration Block,Administrative,3.58,0.0,0.0,50.9,25.3,Sunny
2026-08-30,00:00:00,Hostel,Residential,13.52,0.0,0.0,12.0,25.3,Sunny
2026-08-30,02:00:00,Main Block,Academic,5.04,0.0,0.0,93.5,24.4,Sunny
2026-08-30,02:00:00,Computer Lab,Laboratory,6.46,0.0,0.0,50.7,24.4,Sunny
2026-08-30,02:00:00,Library,Library,4.15,0.0,0.0,53.6,24.4,Sunny
2026-08-30,02:00:00,Administration Block,Administrative,3.67,0.0,0.0,50.1,24.4,Sunny
2026-08-30,02:00:00,Hostel,Residential,14.07,0.0,0.0,12.0,24.4,Sunny
2026-08-30,04:00:00,Main Block,Academic,5.0,0.0,0.0,92.4,25.0,Sunny
2026-08-30,04:00:00,Computer Lab,Laboratory,5.98,0.0,0.0,49.4,25.0,Sunny
2026-08-30,04:00:00,Library,Library,4.06,0.0,0.0,52.7,25.0,Sunny
2026-08-30,04:00:00,Administration Block,Administrative,3.87,0.0,0.0,49.2,25.0,Sunny
2026-08-30,04:00:00,Hostel,Residential,12.83,0.0,0.0,12.0,25.0,Sunny
2026-08-30,06:00:00,Main Block,Academic,4.93,3.78,3.78,92.1,26.8,Sunny
2026-08-30,06:00:00,Computer Lab,Laboratory,5.86,2.91,2.91,48.8,26.8,Sunny
2026-08-30,06:00:00,Library,Library,3.77,2.8,2.8,52.5,26.8,Sunny
2026-08-30,06:00:00,Administration Block,Administrative,3.58,2.29,2.29,48.9,26.8,Sunny
2026-08-30,06:00:00,Hostel,Residential,39.03,1.92,1.92,12.0,26.8,Sunny
2026-08-30,08:00:00,Main Block,Academic,5.31,16.91,4.26,97.8,29.8,Sunny
2026-08-30,08:00:00,Computer Lab,Laboratory,6.34,11.45,5.58,51.4,29.8,Sunny
2026-08-30,08:00:00,Library,Library,3.87,10.97,3.55,55.8,29.8,Sunny
2026-08-30,08:00:00,Administration Block,Administrative,3.61,9.2,3.36,51.5,29.8,Sunny
2026-08-30,08:00:00,Hostel,Residential,42.06,7.86,7.86,12.0,29.8,Sunny
2026-08-30,10:00:00,Main Block,Academic,9.01,39.9,7.66,98.0,32.8,Sunny
2026-08-30,10:00:00,Computer Lab,Laboratory,10.65,27.94,8.15,60.3,32.8,Sunny
2026-08-30,10:00:00,Library,Library,7.26,25.02,5.72,64.5,32.8,Sunny
2026-08-30,10:00:00,Administration Block,Administrative,6.31,23.67,4.88,60.0,32.8,Sunny
2026-08-30,10:00:00,Hostel,Residential,19.52,20.57,17.45,13.4,32.8,Sunny
2026-08-30,12:00:00,Main Block,Academic,9.02,55.01,7.06,98.0,35.2,Sunny
2026-08-30,12:00:00,Computer Lab,Laboratory,10.45,40.15,9.04,74.3,35.2,Sunny
2026-08-30,12:00:00,Library,Library,7.26,35.66,6.28,77.7,35.2,Sunny
2026-08-30,12:00:00,Administration Block,Administrative,6.0,32.34,4.72,72.4,35.2,Sunny
2026-08-30,12:00:00,Hostel,Residential,21.9,29.23,18.89,18.1,35.2,Sunny
2026-08-30,14:00:00,Main Block,Academic,11.58,51.94,9.34,98.0,35.7,Sunny
2026-08-30,14:00:00,Computer Lab,Laboratory,13.87,40.89,12.81,86.9,35.7,Sunny
2026-08-30,14:00:00,Library,Library,9.25,34.31,8.41,89.4,35.7,Sunny
2026-08-30,14:00:00,Administration Block,Administrative,8.4,28.12,7.41,81.7,35.7,Sunny
2026-08-30,14:00:00,Hostel,Residential,19.63,26.21,16.07,22.7,35.7,Sunny
2026-08-30,16:00:00,Main Block,Academic,9.53,25.67,7.88,98.0,36.0,Sunny
2026-08-30,16:00:00,Computer Lab,Laboratory,11.01,19.17,10.15,91.0,36.0,Sunny
2026-08-30,16:00:00,Library,Library,7.39,17.64,5.76,94.7,36.0,Sunny
2026-08-30,16:00:00,Administration Block,Administrative,6.28,15.57,5.48,86.2,36.0,Sunny
2026-08-30,16:00:00,Hostel,Residential,18.9,13.98,13.98,21.6,36.0,Sunny
2026-08-30,18:00:00,Main Block,Academic,5.03,8.01,4.38,98.0,33.5,Sunny
2026-08-30,18:00:00,Computer Lab,Laboratory,6.63,6.76,6.0,91.3,33.5,Sunny
2026-08-30,18:00:00,Library,Library,4.05,5.68,3.34,95.8,33.5,Sunny
2026-08-30,18:00:00,Administration Block,Administrative,3.34,4.98,2.66,87.2,33.5,Sunny
2026-08-30,18:00:00,Hostel,Residential,40.88,4.44,4.44,13.6,33.5,Sunny
2026-08-30,20:00:00,Main Block,Academic,5.23,0.0,0.0,96.8,31.4,Sunny
2026-08-30,20:00:00,Computer Lab,Laboratory,6.56,0.0,0.0,89.9,31.4,Sunny
2026-08-30,20:00:00,Library,Library,4.08,0.0,0.0,94.9,31.4,Sunny
2026-08-30,20:00:00,Administration Block,Administrative,49.21,0.0,0.0,86.5,31.4,Sunny
2026-08-30,20:00:00,Hostel,Residential,46.88,0.0,0.0,12.0,31.4,Sunny
2026-08-30,22:00:00,Main Block,Academic,4.87,0.0,0.0,95.7,28.8,Sunny
2026-08-30,22:00:00,Computer Lab,Laboratory,6.68,0.0,0.0,88.4,28.8,Sunny
2026-08-30,22:00:00,Library,Library,3.9,0.0,0.0,94.0,28.8,Sunny
2026-08-30,22:00:00,Administration Block,Administrative,3.42,0.0,0.0,85.7,28.8,Sunny
2026-08-30,22:00:00,Hostel,Residential,45.46,0.0,0.0,12.0,28.8,Sunny
2026-08-31,00:00:00,Main Block,Academic,6.45,0.0,0.0,94.3,23.1,Partly Cloudy
2026-08-31,00:00:00,Computer Lab,Laboratory,8.97,0.0,0.0,86.4,23.1,Partly Cloudy
2026-08-31,00:00:00,Library,Library,5.67,0.0,0.0,92.8,23.1,Partly Cloudy
2026-08-31,00:00:00,Administration Block,Administrative,4.85,0.0,0.0,84.6,23.1,Partly Cloudy
2026-08-31,00:00:00,Hostel,Residential,13.2,0.0,0.0,12.0,23.1,Partly Cloudy
2026-08-31,02:00:00,Main Block,Academic,5.14,0.0,0.0,93.2,22.0,Partly Cloudy
2026-08-31,02:00:00,Computer Lab,Laboratory,6.02,0.0,0.0,85.1,22.0,Partly Cloudy
2026-08-31,02:00:00,Library,Library,3.89,0.0,0.0,91.9,22.0,Partly Cloudy
2026-08-31,02:00:00,Administration Block,Administrative,3.51,0.0,0.0,83.8,22.0,Partly Cloudy
2026-08-31,02:00:00,Hostel,Residential,14.33,0.0,0.0,12.0,22.0,Partly Cloudy
2026-08-31,04:00:00,Main Block,Academic,4.88,0.0,0.0,92.1,23.2,Partly Cloudy
2026-08-31,04:00:00,Computer Lab,Laboratory,5.77,0.0,0.0,83.8,23.2,Partly Cloudy
2026-08-31,04:00:00,Library,Library,3.67,0.0,0.0,91.1,23.2,Partly Cloudy
2026-08-31,04:00:00,Administration Block,Administrative,3.28,0.0,0.0,83.1,23.2,Partly Cloudy
2026-08-31,04:00:00,Hostel,Residential,12.47,0.0,0.0,12.0,23.2,Partly Cloudy
2026-08-31,06:00:00,Main Block,Academic,6.73,2.89,2.89,91.3,24.5,Partly Cloudy
2026-08-31,06:00:00,Computer Lab,Laboratory,9.01,2.35,2.35,82.3,24.5,Partly Cloudy
2026-08-31,06:00:00,Library,Library,5.67,1.96,1.96,90.3,24.5,Partly Cloudy
2026-08-31,06:00:00,Administration Block,Administrative,4.69,1.65,1.65,82.4,24.5,Partly Cloudy
2026-08-31,06:00:00,Hostel,Residential,35.31,1.49,1.49,12.0,24.5,Partly Cloudy
2026-08-31,08:00:00,Main Block,Academic,21.18,12.92,12.92,89.5,28.0,Partly Cloudy
2026-08-31,08:00:00,Computer Lab,Laboratory,26.17,8.55,8.55,78.4,28.0,Partly Cloudy
2026-08-31,08:00:00,Library,Library,17.42,7.5,7.5,88.1,28.0,Partly Cloudy
2026-08-31,08:00:00,Administration Block,Administrative,14.92,6.53,6.53,80.6,28.0,Partly Cloudy
2026-08-31,08:00:00,Hostel,Residential,45.2,6.14,6.14,12.0,28.0,Partly Cloudy
2026-08-31,10:00:00,Main Block,Academic,34.65,31.47,31.47,88.8,31.1,Partly Cloudy
2026-08-31,10:00:00,Computer Lab,Laboratory,43.6,21.88,21.88,73.6,31.1,Partly Cloudy
2026-08-31,10:00:00,Library,Library,27.48,20.55,20.55,86.6,31.1,Partly Cloudy
2026-08-31,10:00:00,Administration Block,Administrative,22.55,17.44,17.44,79.5,31.1,Partly Cloudy
2026-08-31,10:00:00,Hostel,Residential,18.09,13.98,13.7,12.1,31.1,Partly Cloudy
2026-08-31,12:00:00,Main Block,Academic,31.42,40.91,29.83,93.8,32.8,Partly Cloudy
2026-08-31,12:00:00,Computer Lab,Laboratory,41.68,31.86,31.86,71.4,32.8,Partly Cloudy
2026-08-31,12:00:00,Library,Library,26.91,29.84,20.55,90.8,32.8,Partly Cloudy
2026-08-31,12:00:00,Administration Block,Administrative,22.79,24.35,20.87,81.1,32.8,Partly Cloudy
2026-08-31,12:00:00,Hostel,Residential,20.15,21.09,18.99,13.0,32.8,Partly Cloudy
2026-08-31,14:00:00,Main Block,Academic,40.26,36.22,36.22,92.9,34.1,Partly Cloudy
2026-08-31,14:00:00,Computer Lab,Laboratory,50.07,27.46,27.46,66.4,34.1,Partly Cloudy
2026-08-31,14:00:00,Library,Library,29.14,23.67,23.57,90.8,34.1,Partly Cloudy
2026-08-31,14:00:00,Administration Block,Administrative,30.3,23.21,23.21,79.5,34.1,Partly Cloudy
2026-08-31,14:00:00,Hostel,Residential,20.04,19.92,17.33,14.2,34.1,Partly Cloudy
2026-08-31,16:00:00,Main Block,Academic,39.24,20.28,20.28,88.7,34.4,Partly Cloudy
2026-08-31,16:00:00,Computer Lab,Laboratory,47.53,16.13,16.13,59.5,34.4,Partly Cloudy
2026-08-31,16:00:00,Library,Library,28.51,13.57,13.57,87.5,34.4,Partly Cloudy
2026-08-31,16:00:00,Administration Block,Administrative,24.48,10.94,10.94,76.5,34.4,Partly Cloudy
2026-08-31,16:00:00,Hostel,Residential,20.39,10.32,10.32,12.0,34.4,Partly Cloudy
2026-08-31,18:00:00,Main Block,Academic,16.52,6.39,6.39,86.5,31.9,Partly Cloudy
2026-08-31,18:00:00,Computer Lab,Laboratory,20.27,4.59,4.59,56.1,31.9,Partly Cloudy
2026-08-31,18:00:00,Library,Library,12.44,4.46,4.46,85.7,31.9,Partly Cloudy
2026-08-31,18:00:00,Administration Block,Administrative,11.76,3.7,3.7,74.7,31.9,Partly Cloudy
2026-08-31,18:00:00,Hostel,Residential,41.45,3.07,3.07,12.0,31.9,Partly Cloudy
2026-08-31,20:00:00,Main Block,Academic,7.46,0.0,0.0,84.9,29.6,Partly Cloudy
2026-08-31,20:00:00,Computer Lab,Laboratory,8.75,0.0,0.0,54.2,29.6,Partly Cloudy
2026-08-31,20:00:00,Library,Library,5.24,0.0,0.0,84.5,29.6,Partly Cloudy
2026-08-31,20:00:00,Administration Block,Administrative,5.19,0.0,0.0,73.6,29.6,Partly Cloudy
2026-08-31,20:00:00,Hostel,Residential,51.9,0.0,0.0,12.0,29.6,Partly Cloudy
2026-08-31,22:00:00,Main Block,Academic,6.67,0.0,0.0,83.4,25.7,Partly Cloudy
2026-08-31,22:00:00,Computer Lab,Laboratory,8.4,0.0,0.0,52.4,25.7,Partly Cloudy
2026-08-31,22:00:00,Library,Library,5.6,0.0,0.0,83.3,25.7,Partly Cloudy
2026-08-31,22:00:00,Administration Block,Administrative,4.72,0.0,0.0,72.6,25.7,Partly Cloudy
2026-08-31,22:00:00,Hostel,Residential,40.71,0.0,0.0,12.0,25.7,Partly Cloudy
2026-09-01,00:00:00,Main Block,Academic,7.18,0.0,0.0,81.8,19.0,Cloudy
2026-09-01,00:00:00,Computer Lab,Laboratory,9.12,0.0,0.0,50.4,19.0,Cloudy
2026-09-01,00:00:00,Library,Library,5.1,0.0,0.0,82.2,19.0,Cloudy
2026-09-01,00:00:00,Administration Block,Administrative,5.1,0.0,0.0,71.5,19.0,Cloudy
2026-09-01,00:00:00,Hostel,Residential,14.55,0.0,0.0,12.0,19.0,Cloudy
2026-09-01,02:00:00,Main Block,Academic,5.01,0.0,0.0,80.7,18.1,Cloudy
2026-09-01,02:00:00,Computer Lab,Laboratory,6.69,0.0,0.0,48.9,18.1,Cloudy
2026-09-01,02:00:00,Library,Library,3.99,0.0,0.0,18.2,18.1,Cloudy
2026-09-01,02:00:00,Administration Block,Administrative,3.57,0.0,0.0,70.7,18.1,Cloudy
2026-09-01,02:00:00,Hostel,Residential,14.87,0.0,0.0,12.0,18.1,Cloudy
2026-09-01,04:00:00,Main Block,Academic,4.44,0.0,0.0,79.7,18.3,Cloudy
2026-09-01,04:00:00,Computer Lab,Laboratory,6.04,0.0,0.0,47.6,18.3,Cloudy
2026-09-01,04:00:00,Library,Library,3.39,0.0,0.0,17.5,18.3,Cloudy
2026-09-01,04:00:00,Administration Block,Administrative,3.39,0.0,0.0,70.0,18.3,Cloudy
2026-09-01,04:00:00,Hostel,Residential,12.59,0.0,0.0,12.0,18.3,Cloudy
2026-09-01,06:00:00,Main Block,Academic,6.65,1.57,1.57,78.6,19.9,Cloudy
2026-09-01,06:00:00,Computer Lab,Laboratory,8.68,1.13,1.13,45.9,19.9,Cloudy
2026-09-01,06:00:00,Library,Library,5.77,1.02,1.02,16.5,19.9,Cloudy
2026-09-01,06:00:00,Administration Block,Administrative,5.02,0.88,0.88,69.1,19.9,Cloudy
2026-09-01,06:00:00,Hostel,Residential,34.71,0.78,0.78,12.0,19.9,Cloudy
2026-09-01,08:00:00,Main Block,Academic,21.14,2.53,2.53,74.5,23.5,Rainy
2026-09-01,08:00:00,Computer Lab,Laboratory,30.22,1.91,1.91,39.7,23.5,Rainy
2026-09-01,08:00:00,Library,Library,18.4,1.56,1.56,12.8,23.5,Rainy
2026-09-01,08:00:00,Administration Block,Administrative,15.74,1.45,1.45,66.0,23.5,Rainy
2026-09-01,08:00:00,Hostel,Residential,41.79,1.23,1.23,12.0,23.5,Rainy
2026-09-01,10:00:00,Main Block,Academic,34.44,6.28,6.28,13.8,25.6,Rainy
2026-09-01,10:00:00,Computer Lab,Laboratory,45.15,4.73,4.73,30.8,25.6,Rainy
2026-09-01,10:00:00,Library,Library,27.44,3.73,3.73,12.0,25.6,Rainy
2026-09-01,10:00:00,Administration Block,Administrative,25.04,3.43,3.43,61.2,25.6,Rainy
2026-09-01,10:00:00,Hostel,Residential,18.54,2.85,2.85,12.0,25.6,Rainy
2026-09-01,12:00:00,Main Block,Academic,35.83,8.42,8.42,12.0,27.7,Rainy
2026-09-01,12:00:00,Computer Lab,Laboratory,45.07,6.05,6.05,22.2,27.7,Rainy
2026-09-01,12:00:00,Library,Library,26.04,5.57,5.57,12.0,27.7,Rainy
2026-09-01,12:00:00,Administration Block,Administrative,23.5,5.0,5.0,57.1,27.7,Rainy
2026-09-01,12:00:00,Hostel,Residential,19.16,4.63,4.63,12.0,27.7,Rainy
2026-09-01,14:00:00,Main Block,Academic,41.03,7.79,7.79,12.0,28.7,Rainy
2026-09-01,14:00:00,Computer Lab,Laboratory,46.15,5.41,5.41,18.7,28.7,Rainy
2026-09-01,14:00:00,Library,Library,31.34,4.7,4.7,12.0,28.7,Rainy
2026-09-01,14:00:00,Administration Block,Administrative,26.39,4.27,4.27,52.2,28.7,Rainy
2026-09-01,14:00:00,Hostel,Residential,20.07,3.69,3.69,12.0,28.7,Rainy
2026-09-01,16:00:00,Main Block,Academic,34.36,4.23,4.23,12.0,29.2,Rainy
2026-09-01,16:00:00,Computer Lab,Laboratory,48.28,2.93,2.93,12.0,29.2,Rainy
2026-09-01,16:00:00,Library,Library,28.88,2.58,2.58,12.0,29.2,Rainy
2026-09-01,16:00:00,Administration Block,Administrative,26.91,2.23,2.23,46.8,29.2,Rainy
2026-09-01,16:00:00,Hostel,Residential,19.31,2.03,2.03,12.0,29.2,Rainy
2026-09-01,18:00:00,Main Block,Academic,15.02,1.28,1.28,12.0,26.8,Rainy
2026-09-01,18:00:00,Computer Lab,Laboratory,18.84,0.92,0.92,18.3,26.8,Rainy
2026-09-01,18:00:00,Library,Library,12.77,0.83,0.83,19.0,26.8,Rainy
2026-09-01,18:00:00,Administration Block,Administrative,11.79,0.74,0.74,44.4,26.8,Rainy
2026-09-01,18:00:00,Hostel,Residential,37.7,0.61,0.61,12.0,26.8,Rainy
2026-09-01,20:00:00,Main Block,Academic,7.07,0.0,0.0,12.0,24.1,Rainy
2026-09-01,20:00:00,Computer Lab,Laboratory,8.28,0.0,0.0,16.5,24.1,Rainy
2026-09-01,20:00:00,Library,Library,5.4,0.0,0.0,17.8,24.1,Rainy
2026-09-01,20:00:00,Administration Block,Administrative,4.81,0.0,0.0,43.3,24.1,Rainy
2026-09-01,20:00:00,Hostel,Residential,46.94,0.0,0.0,12.0,24.1,Rainy
2026-09-01,22:00:00,Main Block,Academic,7.34,0.0,0.0,12.0,21.9,Rainy
2026-09-01,22:00:00,Computer Lab,Laboratory,8.45,0.0,0.0,14.6,21.9,Rainy
2026-09-01,22:00:00,Library,Library,5.77,0.0,0.0,16.5,21.9,Rainy
2026-09-01,22:00:00,Administration Block,Administrative,5.28,0.0,0.0,42.1,21.9,Rainy
2026-09-01,22:00:00,Hostel,Residential,41.98,0.0,0.0,12.0,21.9,Rainy
2026-09-02,00:00:00,Main Block,Academic,7.14,0.0,0.0,12.0,23.4,Partly Cloudy
2026-09-02,00:00:00,Computer Lab,Laboratory,8.31,0.0,0.0,12.8,23.4,Partly Cloudy
2026-09-02,00:00:00,Library,Library,5.08,0.0,0.0,15.4,23.4,Partly Cloudy
2026-09-02,00:00:00,Administration Block,Administrative,4.64,0.0,0.0,41.1,23.4,Partly Cloudy
2026-09-02,00:00:00,Hostel,Residential,13.58,0.0,0.0,12.0,23.4,Partly Cloudy
2026-09-02,02:00:00,Main Block,Academic,4.7,0.0,0.0,12.0,22.0,Partly Cloudy
2026-09-02,02:00:00,Computer Lab,Laboratory,6.04,0.0,0.0,12.0,22.0,Partly Cloudy
2026-09-02,02:00:00,Library,Library,4.09,0.0,0.0,14.5,22.0,Partly Cloudy
2026-09-02,02:00:00,Administration Block,Administrative,3.43,0.0,0.0,40.3,22.0,Partly Cloudy
2026-09-02,02:00:00,Hostel,Residential,14.03,0.0,0.0,12.0,22.0,Partly Cloudy
2026-09-02,04:00:00,Main Block,Academic,4.57,0.0,0.0,12.0,22.9,Partly Cloudy
2026-09-02,04:00:00,Computer Lab,Laboratory,5.68,0.0,0.0,12.0,22.9,Partly Cloudy
2026-09-02,04:00:00,Library,Library,3.97,0.0,0.0,13.6,22.9,Partly Cloudy
2026-09-02,04:00:00,Administration Block,Administrative,3.33,0.0,0.0,39.6,22.9,Partly Cloudy
2026-09-02,04:00:00,Hostel,Residential,12.94,0.0,0.0,12.0,22.9,Partly Cloudy
2026-09-02,06:00:00,Main Block,Academic,7.33,3.17,3.17,12.0,24.6,Partly Cloudy
2026-09-02,06:00:00,Computer Lab,Laboratory,9.06,2.08,2.08,12.0,24.6,Partly Cloudy
2026-09-02,06:00:00,Library,Library,5.19,2.08,2.08,12.9,24.6,Partly Cloudy
2026-09-02,06:00:00,Administration Block,Administrative,5.22,1.63,1.63,38.8,24.6,Partly Cloudy
2026-09-02,06:00:00,Hostel,Residential,34.79,1.54,1.54,12.0,24.6,Partly Cloudy
2026-09-02,08:00:00,Main Block,Academic,20.73,11.99,11.99,12.0,28.1,Partly Cloudy
2026-09-02,08:00:00,Computer Lab,Laboratory,28.09,9.72,9.72,12.0,28.1,Partly Cloudy
2026-09-02,08:00:00,Library,Library,18.11,7.81,7.81,12.0,28.1,Partly Cloudy
2026-09-02,08:00:00,Administration Block,Administrative,16.33,6.54,6.54,36.6,28.1,Partly Cloudy
2026-09-02,08:00:00,Hostel,Residential,42.09,5.8,5.8,12.0,28.1,Partly Cloudy
2026-09-02,10:00:00,Main Block,Academic,36.23,31.1,28.75,13.1,30.3,Partly Cloudy
2026-09-02,10:00:00,Computer Lab,Laboratory,40.0,22.54,22.54,12.0,30.3,Partly Cloudy
2026-09-02,10:00:00,Library,Library,25.38,18.96,18.96,12.0,30.3,Partly Cloudy
2026-09-02,10:00:00,Administration Block,Administrative,25.5,15.88,15.88,34.5,30.3,Partly Cloudy
2026-09-02,10:00:00,Hostel,Residential,19.76,14.67,14.67,12.0,30.3,Partly Cloudy
2026-09-02,12:00:00,Main Block,Academic,31.9,40.91,24.51,20.5,33.1,Partly Cloudy
2026-09-02,12:00:00,Computer Lab,Laboratory,45.63,34.86,34.86,12.0,33.1,Partly Cloudy
2026-09-02,12:00:00,Library,Library,24.94,29.43,22.2,15.3,33.1,Partly Cloudy
2026-09-02,12:00:00,Administration Block,Administrative,25.53,23.74,20.34,36.0,33.1,Partly Cloudy
2026-09-02,12:00:00,Hostel,Residential,20.36,22.55,18.35,13.9,33.1,Partly Cloudy
2026-09-02,14:00:00,Main Block,Academic,39.19,36.21,34.79,21.1,34.9,Partly Cloudy
2026-09-02,14:00:00,Computer Lab,Laboratory,48.36,26.91,26.91,12.0,34.9,Partly Cloudy
2026-09-02,14:00:00,Library,Library,31.03,25.1,25.1,14.0,34.9,Partly Cloudy
2026-09-02,14:00:00,Administration Block,Administrative,29.16,21.11,21.11,34.2,34.9,Partly Cloudy
2026-09-02,14:00:00,Hostel,Residential,18.44,19.68,14.85,16.1,34.9,Partly Cloudy
2026-09-02,16:00:00,Main Block,Academic,38.94,20.26,20.26,17.0,34.6,Partly Cloudy
2026-09-02,16:00:00,Computer Lab,Laboratory,43.13,14.59,14.59,12.0,34.6,Partly Cloudy
2026-09-02,16:00:00,Library,Library,28.08,12.36,12.36,12.0,34.6,Partly Cloudy
2026-09-02,16:00:00,Administration Block,Administrative,25.58,11.15,11.15,31.0,34.6,Partly Cloudy
2026-09-02,16:00:00,Hostel,Residential,19.98,10.47,10.47,14.0,34.6,Partly Cloudy
2026-09-02,18:00:00,Main Block,Academic,15.79,6.41,6.41,14.9,32.5,Partly Cloudy
2026-09-02,18:00:00,Computer Lab,Laboratory,19.32,4.78,4.78,12.0,32.5,Partly Cloudy
2026-09-02,18:00:00,Library,Library,12.32,4.13,4.13,12.0,32.5,Partly Cloudy
2026-09-02,18:00:00,Administration Block,Administrative,10.31,3.73,3.73,29.6,32.5,Partly Cloudy
2026-09-02,18:00:00,Hostel,Residential,41.09,3.01,3.01,12.0,32.5,Partly Cloudy
2026-09-02,20:00:00,Main Block,Academic,6.98,0.0,0.0,13.4,28.8,Partly Cloudy
2026-09-02,20:00:00,Computer Lab,Laboratory,8.19,0.0,0.0,12.0,28.8,Partly Cloudy
2026-09-02,20:00:00,Library,Library,5.56,0.0,0.0,12.0,28.8,Partly Cloudy
2026-09-02,20:00:00,Administration Block,Administrative,5.27,0.0,0.0,28.4,28.8,Partly Cloudy
2026-09-02,20:00:00,Hostel,Residential,50.22,0.0,0.0,12.0,28.8,Partly Cloudy
2026-09-02,22:00:00,Main Block,Academic,7.23,0.0,0.0,12.0,26.2,Partly Cloudy
2026-09-02,22:00:00,Computer Lab,Laboratory,8.41,0.0,0.0,12.0,26.2,Partly Cloudy
2026-09-02,22:00:00,Library,Library,5.38,0.0,0.0,12.0,26.2,Partly Cloudy
2026-09-02,22:00:00,Administration Block,Administrative,5.08,0.0,0.0,27.3,26.2,Partly Cloudy
2026-09-02,22:00:00,Hostel,Residential,40.46,0.0,0.0,12.0,26.2,Partly Cloudy
2026-09-03,00:00:00,Main Block,Academic,6.99,0.0,0.0,12.0,18.3,Cloudy
2026-09-03,00:00:00,Computer Lab,Laboratory,8.16,0.0,0.0,12.0,18.3,Cloudy
2026-09-03,00:00:00,Library,Library,5.11,0.0,0.0,12.0,18.3,Cloudy
2026-09-03,00:00:00,Administration Block,Administrative,5.35,0.0,0.0,26.1,18.3,Cloudy
2026-09-03,00:00:00,Hostel,Residential,13.22,0.0,0.0,12.0,18.3,Cloudy
2026-09-03,02:00:00,Main Block,Academic,4.83,0.0,0.0,13.5,18.1,Cloudy
2026-09-03,02:00:00,Computer Lab,Laboratory,6.07,0.0,0.0,12.0,18.1,Cloudy
2026-09-03,02:00:00,Library,Library,3.69,0.0,0.0,12.0,18.1,Cloudy
2026-09-03,02:00:00,Administration Block,Administrative,3.6,0.0,0.0,25.3,18.1,Cloudy
2026-09-03,02:00:00,Hostel,Residential,14.93,0.0,0.0,12.0,18.1,Cloudy
2026-09-03,04:00:00,Main Block,Academic,4.44,0.0,0.0,12.5,18.2,Cloudy
2026-09-03,04:00:00,Computer Lab,Laboratory,120.32,0.0,0.0,12.0,18.2,Cloudy
2026-09-03,04:00:00,Library,Library,3.66,0.0,0.0,12.0,18.2,Cloudy
2026-09-03,04:00:00,Administration Block,Administrative,3.55,0.0,0.0,24.5,18.2,Cloudy
2026-09-03,04:00:00,Hostel,Residential,11.73,0.0,0.0,12.0,18.2,Cloudy
2026-09-03,06:00:00,Main Block,Academic,6.56,1.7,1.7,12.0,19.6,Cloudy
2026-09-03,06:00:00,Computer Lab,Laboratory,8.42,1.28,1.28,12.0,19.6,Cloudy
2026-09-03,06:00:00,Library,Library,5.69,1.04,1.04,12.0,19.6,Cloudy
2026-09-03,06:00:00,Administration Block,Administrative,5.01,0.88,0.88,23.6,19.6,Cloudy
2026-09-03,06:00:00,Hostel,Residential,34.82,0.85,0.85,12.0,19.6,Cloudy
2026-09-03,08:00:00,Main Block,Academic,24.13,2.45,2.45,12.0,23.1,Rainy
2026-09-03,08:00:00,Computer Lab,Laboratory,27.11,1.75,1.75,12.0,23.1,Rainy
2026-09-03,08:00:00,Library,Library,16.25,1.69,1.69,12.0,23.1,Rainy
2026-09-03,08:00:00,Administration Block,Administrative,16.14,1.42,1.42,20.4,23.1,Rainy
2026-09-03,08:00:00,Hostel,Residential,38.85,1.18,1.18,12.0,23.1,Rainy
2026-09-03,10:00:00,Main Block,Academic,32.66,6.17,6.17,12.0,25.9,Rainy
2026-09-03,10:00:00,Computer Lab,Laboratory,45.5,4.58,4.58,12.0,25.9,Rainy
2026-09-03,10:00:00,Library,Library,25.4,4.12,4.12,12.0,25.9,Rainy
2026-09-03,10:00:00,Administration Block,Administrative,25.96,3.49,3.49,15.5,25.9,Rainy
2026-09-03,10:00:00,Hostel,Residential,19.13,2.75,2.75,12.0,25.9,Rainy
2026-09-03,12:00:00,Main Block,Academic,35.88,8.53,8.53,12.0,28.0,Rainy
2026-09-03,12:00:00,Computer Lab,Laboratory,40.82,6.63,6.63,18.1,28.0,Rainy
2026-09-03,12:00:00,Library,Library,26.32,5.58,5.58,12.0,28.0,Rainy
2026-09-03,12:00:00,Administration Block,Administrative,23.02,5.04,5.04,17.8,28.0,Rainy
2026-09-03,12:00:00,Hostel,Residential,18.58,4.28,4.28,12.0,28.0,Rainy
2026-09-03,14:00:00,Main Block,Academic,38.25,7.48,7.48,12.0,29.0,Rainy
2026-09-03,14:00:00,Computer Lab,Laboratory,50.04,5.31,5.31,12.0,29.0,Rainy
2026-09-03,14:00:00,Library,Library,31.11,5.28,5.28,12.0,29.0,Rainy
2026-09-03,14:00:00,Administration Block,Administrative,28.54,4.43,4.43,12.5,29.0,Rainy
2026-09-03,14:00:00,Hostel,Residential,19.25,3.94,3.94,12.0,29.0,Rainy
2026-09-03,16:00:00,Main Block,Academic,35.49,4.28,4.28,12.0,29.5,Rainy
2026-09-03,16:00:00,Computer Lab,Laboratory,45.09,2.94,2.94,12.0,29.5,Rainy
2026-09-03,16:00:00,Library,Library,26.51,2.6,2.6,12.0,29.5,Rainy
2026-09-03,16:00:00,Administration Block,Administrative,28.13,2.32,2.32,18.3,29.5,Rainy
2026-09-03,16:00:00,Hostel,Residential,17.99,1.97,1.97,12.0,29.5,Rainy
2026-09-03,18:00:00,Main Block,Academic,14.3,1.36,1.36,12.0,26.5,Rainy
2026-09-03,18:00:00,Computer Lab,Laboratory,20.24,0.88,0.88,12.0,26.5,Rainy
2026-09-03,18:00:00,Library,Library,12.0,0.79,0.79,12.0,26.5,Rainy
2026-09-03,18:00:00,Administration Block,Administrative,10.48,0.75,0.75,16.2,26.5,Rainy
2026-09-03,18:00:00,Hostel,Residential,40.43,0.6,0.6,16.8,26.5,Rainy
2026-09-03,20:00:00,Main Block,Academic,6.49,0.0,0.0,12.0,24.5,Rainy
2026-09-03,20:00:00,Computer Lab,Laboratory,8.45,0.0,0.0,12.0,24.5,Rainy
2026-09-03,20:00:00,Library,Library,5.6,0.0,0.0,17.3,24.5,Rainy
2026-09-03,20:00:00,Administration Block,Administrative,4.61,0.0,0.0,15.2,24.5,Rainy
2026-09-03,20:00:00,Hostel,Residential,47.19,0.0,0.0,12.0,24.5,Rainy
2026-09-03,22:00:00,Main Block,Academic,7.41,0.0,0.0,18.6,21.5,Rainy
2026-09-03,22:00:00,Computer Lab,Laboratory,8.96,0.0,0.0,12.0,21.5,Rainy
2026-09-03,22:00:00,Library,Library,5.4,0.0,0.0,16.1,21.5,Rainy
2026-09-03,22:00:00,Administration Block,Administrative,4.68,0.0,0.0,14.2,21.5,Rainy
2026-09-03,22:00:00,Hostel,Residential,46.0,0.0,0.0,12.0,21.5,Rainy
2026-09-04,00:00:00,Main Block,Academic,6.95,0.0,0.0,17.1,25.7,Sunny
2026-09-04,00:00:00,Computer Lab,Laboratory,9.35,0.0,0.0,12.0,25.7,Sunny
2026-09-04,00:00:00,Library,Library,5.08,0.0,0.0,15.0,25.7,Sunny
2026-09-04,00:00:00,Administration Block,Administrative,4.8,0.0,0.0,13.1,25.7,Sunny
2026-09-04,00:00:00,Hostel,Residential,13.56,0.0,0.0,12.0,25.7,Sunny
2026-09-04,02:00:00,Main Block,Academic,4.93,0.0,0.0,16.0,24.3,Sunny
2026-09-04,02:00:00,Computer Lab,Laboratory,5.93,0.0,0.0,12.0,24.3,Sunny
2026-09-04,02:00:00,Library,Library,3.85,0.0,0.0,14.2,24.3,Sunny
2026-09-04,02:00:00,Administration Block,Administrative,3.66,0.0,0.0,12.3,24.3,Sunny
2026-09-04,02:00:00,Hostel,Residential,14.24,0.0,0.0,12.0,24.3,Sunny
2026-09-04,04:00:00,Main Block,Academic,4.69,0.0,0.0,15.0,25.7,Sunny
2026-09-04,04:00:00,Computer Lab,Laboratory,6.15,0.0,0.0,12.0,25.7,Sunny
2026-09-04,04:00:00,Library,Library,3.9,0.0,0.0,13.3,25.7,Sunny
2026-09-04,04:00:00,Administration Block,Administrative,3.56,0.0,0.0,12.0,25.7,Sunny
2026-09-04,04:00:00,Hostel,Residential,12.99,0.0,0.0,12.0,25.7,Sunny
2026-09-04,06:00:00,Main Block,Academic,7.01,3.82,3.82,14.3,26.1,Sunny
2026-09-04,06:00:00,Computer Lab,Laboratory,9.23,3.04,3.04,12.0,26.1,Sunny
2026-09-04,06:00:00,Library,Library,5.35,2.82,2.82,12.7,26.1,Sunny
2026-09-04,06:00:00,Administration Block,Administrative,5.06,2.21,2.21,12.0,26.1,Sunny
2026-09-04,06:00:00,Hostel,Residential,34.23,2.12,2.12,12.0,26.1,Sunny
2026-09-04,08:00:00,Main Block,Academic,22.55,15.35,15.35,12.7,29.4,Sunny
2026-09-04,08:00:00,Computer Lab,Laboratory,28.19,12.62,12.62,12.0,29.4,Sunny
2026-09-04,08:00:00,Library,Library,17.06,11.06,11.06,12.0,29.4,Sunny
2026-09-04,08:00:00,Administration Block,Administrative,15.07,10.1,10.1,12.0,29.4,Sunny
2026-09-04,08:00:00,Hostel,Residential,39.57,8.58,8.58,12.0,29.4,Sunny
2026-09-04,10:00:00,Main Block,Academic,34.43,41.98,26.64,19.6,32.5,Sunny
2026-09-04,10:00:00,Computer Lab,Laboratory,41.4,31.17,31.17,12.0,32.5,Sunny
2026-09-04,10:00:00,Library,Library,27.94,27.71,23.27,14.0,32.5,Sunny
2026-09-04,10:00:00,Administration Block,Administrative,24.02,22.71,22.5,12.1,32.5,Sunny
2026-09-04,10:00:00,Hostel,Residential,20.09,20.94,16.17,14.1,32.5,Sunny
2026-09-04,12:00:00,Main Block,Academic,32.0,54.78,28.88,31.3,35.7,Sunny
2026-09-04,12:00:00,Computer Lab,Laboratory,41.09,43.63,32.72,16.9,35.7,Sunny
2026-09-04,12:00:00,Library,Library,27.63,37.55,24.53,19.9,35.7,Sunny
2026-09-04,12:00:00,Administration Block,Administrative,24.3,33.6,21.16,17.7,35.7,Sunny
2026-09-04,12:00:00,Hostel,Residential,19.54,28.23,17.99,18.7,35.7,Sunny
2026-09-04,14:00:00,Main Block,Academic,37.29,48.29,28.21,40.3,36.4,Sunny
2026-09-04,14:00:00,Computer Lab,Laboratory,45.64,36.66,36.66,14.9,36.4,Sunny
2026-09-04,14:00:00,Library,Library,32.31,36.32,29.13,23.1,36.4,Sunny
2026-09-04,14:00:00,Administration Block,Administrative,26.31,31.51,24.92,20.7,36.4,Sunny
2026-09-04,14:00:00,Hostel,Residential,20.01,25.3,16.31,22.7,36.4,Sunny
2026-09-04,16:00:00,Main Block,Academic,35.04,26.39,26.39,38.4,36.0,Sunny
2026-09-04,16:00:00,Computer Lab,Laboratory,47.37,19.72,19.72,12.0,36.0,Sunny
2026-09-04,16:00:00,Library,Library,29.21,18.52,18.52,20.7,36.0,Sunny
2026-09-04,16:00:00,Administration Block,Administrative,26.19,16.53,16.53,18.6,36.0,Sunny
2026-09-04,16:00:00,Hostel,Residential,18.96,13.29,13.29,21.5,36.0,Sunny
2026-09-04,18:00:00,Main Block,Academic,16.62,8.52,8.52,36.6,33.4,Sunny
2026-09-04,18:00:00,Computer Lab,Laboratory,19.97,6.43,6.43,12.0,33.4,Sunny
2026-09-04,18:00:00,Library,Library,12.35,5.27,5.27,19.1,33.4,Sunny
2026-09-04,18:00:00,Administration Block,Administrative,10.82,4.81,4.81,17.3,33.4,Sunny
2026-09-04,18:00:00,Hostel,Residential,38.75,4.2,4.2,13.9,33.4,Sunny
2026-09-04,20:00:00,Main Block,Academic,7.02,0.0,0.0,35.1,30.6,Sunny
2026-09-04,20:00:00,Computer Lab,Laboratory,8.25,0.0,0.0,12.0,30.6,Sunny
2026-09-04,20:00:00,Library,Library,5.79,0.0,0.0,17.8,30.6,Sunny
2026-09-04,20:00:00,Administration Block,Administrative,4.96,0.0,0.0,16.2,30.6,Sunny
2026-09-04,20:00:00,Hostel,Residential,50.72,0.0,0.0,12.0,30.6,Sunny
2026-09-04,22:00:00,Main Block,Academic,7.31,0.0,0.0,33.5,27.6,Sunny
2026-09-04,22:00:00,Computer Lab,Laboratory,9.36,0.0,0.0,12.0,27.6,Sunny
2026-09-04,22:00:00,Library,Library,5.67,0.0,0.0,16.6,27.6,Sunny
2026-09-04,22:00:00,Administration Block,Administrative,4.71,0.0,0.0,15.2,27.6,Sunny
2026-09-04,22:00:00,Hostel,Residential,42.85,0.0,0.0,12.0,27.6,Sunny
2026-09-05,00:00:00,Main Block,Academic,5.11,0.0,0.0,32.4,25.2,Sunny
2026-09-05,00:00:00,Computer Lab,Laboratory,6.51,0.0,0.0,12.0,25.2,Sunny
2026-09-05,00:00:00,Library,Library,3.77,0.0,0.0,15.8,25.2,Sunny
2026-09-05,00:00:00,Administration Block,Administrative,3.57,0.0,0.0,14.4,25.2,Sunny
2026-09-05,00:00:00,Hostel,Residential,12.96,0.0,0.0,12.0,25.2,Sunny
2026-09-05,02:00:00,Main Block,Academic,5.37,0.0,0.0,31.2,24.9,Sunny
2026-09-05,02:00:00,Computer Lab,Laboratory,6.6,0.0,0.0,12.0,24.9,Sunny
2026-09-05,02:00:00,Library,Library,3.72,0.0,0.0,15.0,24.9,Sunny
2026-09-05,02:00:00,Administration Block,Administrative,3.38,0.0,0.0,13.7,24.9,Sunny
2026-09-05,02:00:00,Hostel,Residential,14.74,0.0,0.0,12.0,24.9,Sunny
2026-09-05,04:00:00,Main Block,Academic,5.06,0.0,0.0,30.1,24.7,Sunny
2026-09-05,04:00:00,Computer Lab,Laboratory,6.18,0.0,0.0,12.0,24.7,Sunny
2026-09-05,04:00:00,Library,Library,3.97,0.0,0.0,14.1,24.7,Sunny
2026-09-05,04:00:00,Administration Block,Administrative,3.86,0.0,0.0,12.9,24.7,Sunny
2026-09-05,04:00:00,Hostel,Residential,12.12,0.0,0.0,12.0,24.7,Sunny
2026-09-05,06:00:00,Main Block,Academic,5.26,4.2,4.2,29.9,26.7,Sunny
2026-09-05,06:00:00,Computer Lab,Laboratory,6.46,2.81,2.81,12.0,26.7,Sunny
2026-09-05,06:00:00,Library,Library,3.76,2.72,2.72,13.9,26.7,Sunny
2026-09-05,06:00:00,Administration Block,Administrative,3.49,2.4,2.4,12.7,26.7,Sunny
2026-09-05,06:00:00,Hostel,Residential,36.98,1.86,1.86,12.0,26.7,Sunny
2026-09-05,08:00:00,Main Block,Academic,5.14,15.47,4.33,34.9,29.2,Sunny
2026-09-05,08:00:00,Computer Lab,Laboratory,6.66,12.14,5.0,15.2,29.2,Sunny
2026-09-05,08:00:00,Library,Library,4.2,10.29,3.64,16.9,29.2,Sunny
2026-09-05,08:00:00,Administration Block,Administrative,3.59,9.25,2.75,15.6,29.2,Sunny
2026-09-05,08:00:00,Hostel,Residential,42.62,7.72,7.72,12.0,29.2,Sunny
2026-09-05,10:00:00,Main Block,Academic,9.12,41.23,6.93,50.3,33.0,Sunny
2026-09-05,10:00:00,Computer Lab,Laboratory,10.66,30.15,8.07,25.1,33.0,Sunny
2026-09-05,10:00:00,Library,Library,7.5,26.85,6.88,25.9,33.0,Sunny
2026-09-05,10:00:00,Administration Block,Administrative,6.25,24.39,4.75,24.4,33.0,Sunny
2026-09-05,10:00:00,Hostel,Residential,20.13,18.66,17.8,12.4,33.0,Sunny
2026-09-05,12:00:00,Main Block,Academic,9.33,58.42,8.47,72.8,35.4,Sunny
2026-09-05,12:00:00,Computer Lab,Laboratory,11.23,43.71,10.51,40.0,35.4,Sunny
2026-09-05,12:00:00,Library,Library,6.88,37.61,5.68,40.3,35.4,Sunny
2026-09-05,12:00:00,Administration Block,Administrative,6.02,33.21,5.18,37.0,35.4,Sunny
2026-09-05,12:00:00,Hostel,Residential,19.72,27.17,17.53,16.7,35.4,Sunny
2026-09-05,14:00:00,Main Block,Academic,11.24,50.87,9.99,91.2,36.1,Sunny
2026-09-05,14:00:00,Computer Lab,Laboratory,13.11,39.35,11.48,52.5,36.1,Sunny
2026-09-05,14:00:00,Library,Library,9.47,33.7,8.41,51.7,36.1,Sunny
2026-09-05,14:00:00,Administration Block,Administrative,8.55,31.78,6.9,48.2,36.1,Sunny
2026-09-05,14:00:00,Hostel,Residential,20.76,24.62,17.75,19.8,36.1,Sunny
2026-09-05,16:00:00,Main Block,Academic,9.18,25.26,7.92,98.0,36.8,Sunny
2026-09-05,16:00:00,Computer Lab,Laboratory,11.78,20.49,10.0,57.2,36.8,Sunny
2026-09-05,16:00:00,Library,Library,7.01,18.16,6.25,57.1,36.8,Sunny
2026-09-05,16:00:00,Administration Block,Administrative,7.23,14.43,5.46,52.2,36.8,Sunny
2026-09-05,16:00:00,Hostel,Residential,20.81,12.6,12.6,18.0,36.8,Sunny
2026-09-05,18:00:00,Main Block,Academic,5.44,8.39,4.44,98.0,34.6,Sunny
2026-09-05,18:00:00,Computer Lab,Laboratory,6.36,6.51,4.78,58.0,34.6,Sunny
2026-09-05,18:00:00,Library,Library,3.77,5.47,3.42,58.0,34.6,Sunny
2026-09-05,18:00:00,Administration Block,Administrative,3.49,4.96,2.84,53.2,34.6,Sunny
2026-09-05,18:00:00,Hostel,Residential,35.91,4.37,4.37,12.0,34.6,Sunny
2026-09-05,20:00:00,Main Block,Academic,5.13,0.0,0.0,96.9,31.6,Sunny
2026-09-05,20:00:00,Computer Lab,Laboratory,5.83,0.0,0.0,56.7,31.6,Sunny
2026-09-05,20:00:00,Library,Library,3.75,0.0,0.0,57.2,31.6,Sunny
2026-09-05,20:00:00,Administration Block,Administrative,3.5,0.0,0.0,52.4,31.6,Sunny
2026-09-05,20:00:00,Hostel,Residential,50.33,0.0,0.0,12.0,31.6,Sunny
2026-09-05,22:00:00,Main Block,Academic,5.28,0.0,0.0,95.7,28.9,Sunny
2026-09-05,22:00:00,Computer Lab,Laboratory,6.45,0.0,0.0,55.3,28.9,Sunny
2026-09-05,22:00:00,Library,Library,3.95,0.0,0.0,56.3,28.9,Sunny
2026-09-05,22:00:00,Administration Block,Administrative,3.67,0.0,0.0,51.6,28.9,Sunny
2026-09-05,22:00:00,Hostel,Residential,43.7,0.0,0.0,12.0,28.9,Sunny
2026-09-06,00:00:00,Main Block,Academic,4.97,0.0,0.0,94.6,26.2,Sunny
2026-09-06,00:00:00,Computer Lab,Laboratory,6.54,0.0,0.0,53.9,26.2,Sunny
2026-09-06,00:00:00,Library,Library,4.17,0.0,0.0,55.4,26.2,Sunny
2026-09-06,00:00:00,Administration Block,Administrative,3.48,0.0,0.0,50.8,26.2,Sunny
2026-09-06,00:00:00,Hostel,Residential,13.99,0.0,0.0,12.0,26.2,Sunny
2026-09-06,02:00:00,Main Block,Academic,5.07,0.0,0.0,93.5,24.3,Sunny
2026-09-06,02:00:00,Computer Lab,Laboratory,6.01,0.0,0.0,52.6,24.3,Sunny
2026-09-06,02:00:00,Library,Library,4.15,0.0,0.0,54.5,24.3,Sunny
2026-09-06,02:00:00,Administration Block,Administrative,3.82,0.0,0.0,50.0,24.3,Sunny
2026-09-06,02:00:00,Hostel,Residential,14.52,0.0,0.0,12.0,24.3,Sunny
2026-09-06,04:00:00,Main Block,Academic,4.86,0.0,0.0,92.4,25.7,Sunny
2026-09-06,04:00:00,Computer Lab,Laboratory,5.83,0.0,0.0,51.3,25.7,Sunny
2026-09-06,04:00:00,Library,Library,4.04,0.0,0.0,53.6,25.7,Sunny
2026-09-06,04:00:00,Administration Block,Administrative,3.8,0.0,0.0,49.2,25.7,Sunny
2026-09-06,04:00:00,Hostel,Residential,12.51,0.0,0.0,12.0,25.7,Sunny
2026-09-06,06:00:00,Main Block,Academic,5.12,4.17,4.17,92.2,26.7,Sunny
2026-09-06,06:00:00,Computer Lab,Laboratory,6.51,2.88,2.88,50.5,26.7,Sunny
2026-09-06,06:00:00,Library,Library,3.91,2.63,2.63,53.3,26.7,Sunny
2026-09-06,06:00:00,Administration Block,Administrative,3.57,2.47,2.47,49.0,26.7,Sunny
2026-09-06,06:00:00,Hostel,Residential,35.1,1.86,1.86,12.0,26.7,Sunny
2026-09-06,08:00:00,Main Block,Academic,5.37,15.94,4.05,97.6,30.2,Sunny
2026-09-06,08:00:00,Computer Lab,Laboratory,6.28,12.06,4.95,53.7,30.2,Sunny
2026-09-06,08:00:00,Library,Library,4.23,11.1,3.62,56.7,30.2,Sunny
2026-09-06,08:00:00,Administration Block,Administrative,3.76,8.87,3.48,51.4,30.2,Sunny
2026-09-06,08:00:00,Hostel,Residential,44.11,8.58,8.58,12.0,30.2,Sunny
2026-09-06,10:00:00,Main Block,Academic,9.36,39.02,8.36,98.0,32.2,Sunny
2026-09-06,10:00:00,Computer Lab,Laboratory,11.34,27.2,10.62,61.2,32.2,Sunny
2026-09-06,10:00:00,Library,Library,7.31,26.56,5.61,66.1,32.2,Sunny
2026-09-06,10:00:00,Administration Block,Administrative,6.42,21.31,5.48,58.5,32.2,Sunny
2026-09-06,10:00:00,Hostel,Residential,20.92,19.07,18.11,12.4,32.2,Sunny
2026-09-06,12:00:00,Main Block,Academic,9.62,55.99,7.59,98.0,35.0,Sunny
2026-09-06,12:00:00,Computer Lab,Laboratory,10.98,42.79,8.49,76.6,35.0,Sunny
2026-09-06,12:00:00,Library,Library,6.85,35.52,5.99,79.4,35.0,Sunny
2026-09-06,12:00:00,Administration Block,Administrative,6.48,32.07,5.31,70.5,35.0,Sunny
2026-09-06,12:00:00,Hostel,Residential,19.81,27.2,17.65,16.7,35.0,Sunny
2026-09-06,14:00:00,Main Block,Academic,10.73,47.34,9.36,98.0,36.1,Sunny
2026-09-06,14:00:00,Computer Lab,Laboratory,13.86,35.85,11.7,87.5,36.1,Sunny
2026-09-06,14:00:00,Library,Library,9.04,31.74,6.88,90.6,36.1,Sunny
2026-09-06,14:00:00,Administration Block,Administrative,7.9,28.1,6.87,80.1,36.1,Sunny
2026-09-06,14:00:00,Hostel,Residential,20.7,26.65,18.42,20.4,36.1,Sunny
2026-09-06,16:00:00,Main Block,Academic,9.11,28.09,8.13,98.0,36.2,Sunny
2026-09-06,16:00:00,Computer Lab,Laboratory,12.07,20.19,11.4,91.5,36.2,Sunny
2026-09-06,16:00:00,Library,Library,7.69,17.76,5.97,95.9,36.2,Sunny
2026-09-06,16:00:00,Administration Block,Administrative,7.05,16.63,5.95,84.9,36.2,Sunny
2026-09-06,16:00:00,Hostel,Residential,20.26,13.77,13.77,19.0,36.2,Sunny
2026-09-06,18:00:00,Main Block,Academic,4.82,8.14,4.45,98.0,34.1,Sunny
2026-09-06,18:00:00,Computer Lab,Laboratory,6.42,6.78,5.32,92.2,34.1,Sunny
2026-09-06,18:00:00,Library,Library,4.09,5.81,3.71,96.8,34.1,Sunny
2026-09-06,18:00:00,Administration Block,Administrative,3.82,4.92,2.89,85.8,34.1,Sunny
2026-09-06,18:00:00,Hostel,Residential,38.84,4.15,4.15,12.0,34.1,Sunny
2026-09-06,20:00:00,Main Block,Academic,5.26,0.0,0.0,96.8,30.8,Sunny
2026-09-06,20:00:00,Computer Lab,Laboratory,6.41,0.0,0.0,90.8,30.8,Sunny
2026-09-06,20:00:00,Library,Library,3.72,0.0,0.0,96.0,30.8,Sunny
2026-09-06,20:00:00,Administration Block,Administrative,3.37,0.0,0.0,85.1,30.8,Sunny
2026-09-06,20:00:00,Hostel,Residential,51.3,0.0,0.0,12.0,30.8,Sunny
2026-09-06,22:00:00,Main Block,Academic,5.16,0.0,0.0,95.7,27.9,Sunny
2026-09-06,22:00:00,Computer Lab,Laboratory,6.59,0.0,0.0,89.4,27.9,Sunny
2026-09-06,22:00:00,Library,Library,3.98,0.0,0.0,95.1,27.9,Sunny
2026-09-06,22:00:00,Administration Block,Administrative,3.54,0.0,0.0,84.3,27.9,Sunny
2026-09-06,22:00:00,Hostel,Residential,44.29,0.0,0.0,12.0,27.9,Sunny
2026-09-07,00:00:00,Main Block,Academic,6.87,0.0,0.0,94.2,26.5,Sunny
2026-09-07,00:00:00,Computer Lab,Laboratory,8.53,0.0,0.0,87.5,26.5,Sunny
2026-09-07,00:00:00,Library,Library,5.78,0.0,0.0,93.8,26.5,Sunny
2026-09-07,00:00:00,Administration Block,Administrative,5.07,0.0,0.0,83.2,26.5,Sunny
2026-09-07,00:00:00,Hostel,Residential,14.11,0.0,0.0,12.0,26.5,Sunny
2026-09-07,02:00:00,Main Block,Academic,5.25,0.0,0.0,93.0,24.4,Sunny
2026-09-07,02:00:00,Computer Lab,Laboratory,6.32,0.0,0.0,86.1,24.4,Sunny
2026-09-07,02:00:00,Library,Library,4.04,0.0,0.0,92.9,24.4,Sunny
2026-09-07,02:00:00,Administration Block,Administrative,3.34,0.0,0.0,82.5,24.4,Sunny
2026-09-07,02:00:00,Hostel,Residential,15.89,0.0,0.0,12.0,24.4,Sunny
2026-09-07,04:00:00,Main Block,Academic,4.67,0.0,0.0,92.0,25.1,Sunny
2026-09-07,04:00:00,Computer Lab,Laboratory,5.94,0.0,0.0,84.8,25.1,Sunny
2026-09-07,04:00:00,Library,Library,3.71,0.0,0.0,92.1,25.1,Sunny
2026-09-07,04:00:00,Administration Block,Administrative,3.52,0.0,0.0,81.7,25.1,Sunny
2026-09-07,04:00:00,Hostel,Residential,11.72,0.0,0.0,12.0,25.1,Sunny
2026-09-07,06:00:00,Main Block,Academic,6.47,3.72,3.72,91.4,27.6,Sunny
2026-09-07,06:00:00,Computer Lab,Laboratory,9.06,2.91,2.91,83.4,27.6,Sunny
2026-09-07,06:00:00,Library,Library,5.6,2.47,2.47,91.4,27.6,Sunny
2026-09-07,06:00:00,Administration Block,Administrative,5.27,2.45,2.45,81.1,27.6,Sunny
2026-09-07,06:00:00,Hostel,Residential,33.34,1.87,1.87,12.0,27.6,Sunny
2026-09-07,08:00:00,Main Block,Academic,22.01,16.27,16.27,90.1,29.8,Sunny
2026-09-07,08:00:00,Computer Lab,Laboratory,28.81,11.72,11.72,79.6,29.8,Sunny
2026-09-07,08:00:00,Library,Library,18.76,10.4,10.4,89.6,29.8,Sunny
2026-09-07,08:00:00,Administration Block,Administrative,15.83,10.08,10.08,79.8,29.8,Sunny
2026-09-07,08:00:00,Hostel,Residential,39.2,7.43,7.43,12.0,29.8,Sunny
2026-09-07,10:00:00,Main Block,Academic,32.08,38.03,26.43,95.3,32.6,Sunny
2026-09-07,10:00:00,Computer Lab,Laboratory,42.98,27.43,27.43,76.2,32.6,Sunny
2026-09-07,10:00:00,Library,Library,28.18,25.61,25.61,89.0,32.6,Sunny
2026-09-07,10:00:00,Administration Block,Administrative,25.79,21.97,21.97,79.0,32.6,Sunny
2026-09-07,10:00:00,Hostel,Residential,18.58,19.09,15.36,13.7,32.6,Sunny
2026-09-07,12:00:00,Main Block,Academic,34.39,59.01,29.06,98.0,35.1,Sunny
2026-09-07,12:00:00,Computer Lab,Laboratory,41.89,46.0,38.45,79.6,35.1,Sunny
2026-09-07,12:00:00,Library,Library,28.96,39.39,22.5,96.6,35.1,Sunny
2026-09-07,12:00:00,Administration Block,Administrative,22.72,31.08,20.32,83.8,35.1,Sunny
2026-09-07,12:00:00,Hostel,Residential,18.86,28.51,17.88,18.5,35.1,Sunny
2026-09-07,14:00:00,Main Block,Academic,40.48,50.02,34.05,98.0,35.8,Sunny
2026-09-07,14:00:00,Computer Lab,Laboratory,50.31,37.58,37.58,76.8,35.8,Sunny
2026-09-07,14:00:00,Library,Library,31.15,34.06,26.17,98.0,35.8,Sunny
2026-09-07,14:00:00,Administration Block,Administrative,27.62,28.13,24.05,85.6,35.8,Sunny
2026-09-07,14:00:00,Hostel,Residential,19.14,26.69,15.26,23.6,35.8,Sunny
2026-09-07,16:00:00,Main Block,Academic,36.0,26.97,26.97,96.0,36.0,Sunny
2026-09-07,16:00:00,Computer Lab,Laboratory,49.14,20.3,20.3,70.5,36.0,Sunny
2026-09-07,16:00:00,Library,Library,26.92,17.8,17.8,96.0,36.0,Sunny
2026-09-07,16:00:00,Administration Block,Administrative,24.59,16.18,16.18,83.7,36.0,Sunny
2026-09-07,16:00:00,Hostel,Residential,20.36,13.97,13.97,22.2,36.0,Sunny
2026-09-07,18:00:00,Main Block,Academic,16.36,7.96,7.96,94.2,33.5,Sunny
2026-09-07,18:00:00,Computer Lab,Laboratory,19.99,6.82,6.82,67.6,33.5,Sunny
2026-09-07,18:00:00,Library,Library,12.36,5.93,5.93,94.6,33.5,Sunny
2026-09-07,18:00:00,Administration Block,Administrative,10.21,4.84,4.84,82.5,33.5,Sunny
2026-09-07,18:00:00,Hostel,Residential,38.8,4.26,4.26,14.6,33.5,Sunny
2026-09-07,20:00:00,Main Block,Academic,6.91,0.0,0.0,92.7,31.7,Sunny
2026-09-07,20:00:00,Computer Lab,Laboratory,9.39,0.0,0.0,65.5,31.7,Sunny
2026-09-07,20:00:00,Library,Library,5.76,0.0,0.0,93.3,31.7,Sunny
2026-09-07,20:00:00,Administration Block,Administrative,4.83,0.0,0.0,81.4,31.7,Sunny
2026-09-07,20:00:00,Hostel,Residential,45.34,0.0,0.0,12.0,31.7,Sunny
2026-09-07,22:00:00,Main Block,Academic,7.28,0.0,0.0,91.1,28.9,Sunny
2026-09-07,22:00:00,Computer Lab,Laboratory,9.07,0.0,0.0,63.5,28.9,Sunny
2026-09-07,22:00:00,Library,Library,5.56,0.0,0.0,92.1,28.9,Sunny
2026-09-07,22:00:00,Administration Block,Administrative,4.65,0.0,0.0,80.4,28.9,Sunny
2026-09-07,22:00:00,Hostel,Residential,43.26,0.0,0.0,12.0,28.9,Sunny
2026-09-08,00:00:00,Main Block,Academic,7.55,0.0,0.0,89.4,25.0,Sunny
2026-09-08,00:00:00,Computer Lab,Laboratory,9.18,0.0,0.0,61.5,25.0,Sunny
2026-09-08,00:00:00,Library,Library,5.61,0.0,0.0,90.9,25.0,Sunny
2026-09-08,00:00:00,Administration Block,Administrative,4.83,0.0,0.0,79.3,25.0,Sunny
2026-09-08,00:00:00,Hostel,Residential,12.6,0.0,0.0,12.0,25.0,Sunny
2026-09-08,02:00:00,Main Block,Academic,5.3,0.0,0.0,88.2,24.6,Sunny
2026-09-08,02:00:00,Computer Lab,Laboratory,113.31,0.0,0.0,60.2,24.6,Sunny
2026-09-08,02:00:00,Library,Library,4.17,0.0,0.0,90.0,24.6,Sunny
2026-09-08,02:00:00,Administration Block,Administrative,3.31,0.0,0.0,78.6,24.6,Sunny
2026-09-08,02:00:00,Hostel,Residential,13.94,0.0,0.0,12.0,24.6,Sunny
2026-09-08,04:00:00,Main Block,Academic,4.75,0.0,0.0,87.2,24.4,Sunny
2026-09-08,04:00:00,Computer Lab,Laboratory,5.53,0.0,0.0,59.0,24.4,Sunny
2026-09-08,04:00:00,Library,Library,3.86,0.0,0.0,89.2,24.4,Sunny
2026-09-08,04:00:00,Administration Block,Administrative,3.22,0.0,0.0,77.9,24.4,Sunny
2026-09-08,04:00:00,Hostel,Residential,12.76,0.0,0.0,12.0,24.4,Sunny
2026-09-08,06:00:00,Main Block,Academic,7.28,4.17,4.17,86.5,26.8,Sunny
2026-09-08,06:00:00,Computer Lab,Laboratory,8.1,2.8,2.8,57.8,26.8,Sunny
2026-09-08,06:00:00,Library,Library,5.15,2.63,2.63,88.6,26.8,Sunny
2026-09-08,06:00:00,Administration Block,Administrative,5.17,2.21,2.21,77.2,26.8,Sunny
2026-09-08,06:00:00,Hostel,Residential,37.04,1.89,1.89,12.0,26.8,Sunny
2026-09-08,08:00:00,Main Block,Academic,22.91,16.71,16.71,85.1,29.5,Sunny
2026-09-08,08:00:00,Computer Lab,Laboratory,26.51,11.87,11.87,54.6,29.5,Sunny
2026-09-08,08:00:00,Library,Library,18.29,11.14,11.14,87.0,29.5,Sunny
2026-09-08,08:00:00,Administration Block,Administrative,15.69,9.68,9.68,75.9,29.5,Sunny
2026-09-08,08:00:00,Hostel,Residential,39.57,8.5,8.5,12.0,29.5,Sunny
2026-09-08,10:00:00,Main Block,Academic,33.84,40.35,31.89,88.9,33.5,Sunny
2026-09-08,10:00:00,Computer Lab,Laboratory,43.89,27.37,27.37,51.0,33.5,Sunny
2026-09-08,10:00:00,Library,Library,27.39,28.02,22.91,89.3,33.5,Sunny
2026-09-08,10:00:00,Administration Block,Administrative,26.0,24.17,21.24,77.2,33.5,Sunny
2026-09-08,10:00:00,Hostel,Residential,18.2,18.42,16.03,13.1,33.5,Sunny
2026-09-08,12:00:00,Main Block,Academic,35.64,59.78,31.96,98.0,35.1,Sunny
2026-09-08,12:00:00,Computer Lab,Laboratory,40.6,42.1,36.06,53.7,35.1,Sunny
2026-09-08,12:00:00,Library,Library,27.03,39.4,24.77,95.9,35.1,Sunny
2026-09-08,12:00:00,Administration Block,Administrative,22.49,31.51,17.33,83.6,35.1,Sunny
2026-09-08,12:00:00,Hostel,Residential,18.74,27.54,15.12,18.7,35.1,Sunny
2026-09-08,14:00:00,Main Block,Academic,36.57,47.5,34.29,98.0,36.0,Sunny
2026-09-08,14:00:00,Computer Lab,Laboratory,52.13,40.64,40.64,51.2,36.0,Sunny
2026-09-08,14:00:00,Library,Library,29.21,35.64,22.67,98.0,36.0,Sunny
2026-09-08,14:00:00,Administration Block,Administrative,28.98,31.38,25.02,86.5,36.0,Sunny
2026-09-08,14:00:00,Hostel,Residential,20.31,26.88,18.06,22.7,36.0,Sunny
2026-09-08,16:00:00,Main Block,Academic,36.33,28.58,28.58,96.3,35.6,Sunny
2026-09-08,16:00:00,Computer Lab,Laboratory,48.74,19.4,19.4,44.7,35.6,Sunny
2026-09-08,16:00:00,Library,Library,30.55,18.6,18.6,95.4,35.6,Sunny
2026-09-08,16:00:00,Administration Block,Administrative,24.67,14.6,14.6,84.3,35.6,Sunny
2026-09-08,16:00:00,Hostel,Residential,18.55,13.05,13.05,21.5,35.6,Sunny
2026-09-08,18:00:00,Main Block,Academic,14.82,8.42,8.42,94.9,34.9,Sunny
2026-09-08,18:00:00,Computer Lab,Laboratory,20.57,6.48,6.48,41.6,34.9,Sunny
2026-09-08,18:00:00,Library,Library,12.08,5.35,5.35,93.9,34.9,Sunny
2026-09-08,18:00:00,Administration Block,Administrative,10.5,5.07,5.07,83.1,34.9,Sunny
2026-09-08,18:00:00,Hostel,Residential,40.34,3.99,3.99,13.5,34.9,Sunny
2026-09-08,20:00:00,Main Block,Academic,6.72,0.0,0.0,93.4,31.4,Sunny
2026-09-08,20:00:00,Computer Lab,Laboratory,8.67,0.0,0.0,39.7,31.4,Sunny
2026-09-08,20:00:00,Library,Library,5.85,0.0,0.0,92.6,31.4,Sunny
2026-09-08,20:00:00,Administration Block,Administrative,4.72,0.0,0.0,82.1,31.4,Sunny
2026-09-08,20:00:00,Hostel,Residential,50.08,0.0,0.0,12.0,31.4,Sunny
2026-09-08,22:00:00,Main Block,Academic,7.18,0.0,0.0,91.8,28.9,Sunny
2026-09-08,22:00:00,Computer Lab,Laboratory,8.42,0.0,0.0,37.8,28.9,Sunny
2026-09-08,22:00:00,Library,Library,5.68,0.0,0.0,91.4,28.9,Sunny
2026-09-08,22:00:00,Administration Block,Administrative,5.32,0.0,0.0,80.9,28.9,Sunny
2026-09-08,22:00:00,Hostel,Residential,43.97,0.0,0.0,12.0,28.9,Sunny
2026-09-09,00:00:00,Main Block,Academic,6.99,0.0,0.0,90.3,26.4,Sunny
2026-09-09,00:00:00,Computer Lab,Laboratory,8.66,0.0,0.0,35.9,26.4,Sunny
2026-09-09,00:00:00,Library,Library,5.8,0.0,0.0,90.1,26.4,Sunny
2026-09-09,00:00:00,Administration Block,Administrative,5.22,0.0,0.0,79.8,26.4,Sunny
2026-09-09,00:00:00,Hostel,Residential,14.12,0.0,0.0,12.0,26.4,Sunny
2026-09-09,02:00:00,Main Block,Academic,4.62,0.0,0.0,89.3,24.6,Sunny
2026-09-09,02:00:00,Computer Lab,Laboratory,6.73,0.0,0.0,34.4,24.6,Sunny
2026-09-09,02:00:00,Library,Library,3.93,0.0,0.0,89.2,24.6,Sunny
2026-09-09,02:00:00,Administration Block,Administrative,3.62,0.0,0.0,79.0,24.6,Sunny
2026-09-09,02:00:00,Hostel,Residential,15.9,0.0,0.0,12.0,24.6,Sunny
2026-09-09,04:00:00,Main Block,Academic,4.82,0.0,0.0,88.2,24.7,Sunny
2026-09-09,04:00:00,Computer Lab,Laboratory,5.76,0.0,0.0,33.1,24.7,Sunny
2026-09-09,04:00:00,Library,Library,3.95,0.0,0.0,88.3,24.7,Sunny
2026-09-09,04:00:00,Administration Block,Administrative,3.13,0.0,0.0,78.3,24.7,Sunny
2026-09-09,04:00:00,Hostel,Residential,12.43,0.0,0.0,12.0,24.7,Sunny
2026-09-09,06:00:00,Main Block,Academic,6.48,3.93,3.93,87.6,27.6,Sunny
2026-09-09,06:00:00,Computer Lab,Laboratory,8.89,2.82,2.82,31.8,27.6,Sunny
2026-09-09,06:00:00,Library,Library,5.36,2.51,2.51,87.7,27.6,Sunny
2026-09-09,06:00:00,Administration Block,Administrative,5.27,2.35,2.35,77.7,27.6,Sunny
2026-09-09,06:00:00,Hostel,Residential,33.84,2.02,2.02,12.0,27.6,Sunny
2026-09-09,08:00:00,Main Block,Academic,21.3,16.62,16.62,86.6,29.1,Sunny
2026-09-09,08:00:00,Computer Lab,Laboratory,27.95,11.25,11.25,28.1,29.1,Sunny
2026-09-09,08:00:00,Library,Library,17.06,10.78,10.78,86.3,29.1,Sunny
2026-09-09,08:00:00,Administration Block,Administrative,15.87,10.1,10.1,76.4,29.1,Sunny
2026-09-09,08:00:00,Hostel,Residential,38.97,8.4,8.4,12.0,29.1,Sunny
2026-09-09,10:00:00,Main Block,Academic,35.79,40.28,30.12,91.2,32.2,Sunny
2026-09-09,10:00:00,Computer Lab,Laboratory,43.86,31.15,31.15,25.3,32.2,Sunny
2026-09-09,10:00:00,Library,Library,27.15,27.89,20.56,89.6,32.2,Sunny
2026-09-09,10:00:00,Administration Block,Administrative,22.97,23.45,19.39,78.2,32.2,Sunny
2026-09-09,10:00:00,Hostel,Residential,20.16,18.26,17.95,12.1,32.2,Sunny
2026-09-09,12:00:00,Main Block,Academic,32.36,53.59,26.26,98.0,34.7,Sunny
2026-09-09,12:00:00,Computer Lab,Laboratory,42.38,40.99,36.79,27.2,34.7,Sunny
2026-09-09,12:00:00,Library,Library,25.14,38.37,22.87,96.6,34.7,Sunny
2026-09-09,12:00:00,Administration Block,Administrative,23.3,35.16,19.46,85.3,34.7,Sunny
2026-09-09,12:00:00,Hostel,Residential,19.84,30.92,17.57,18.1,34.7,Sunny
2026-09-09,14:00:00,Main Block,Academic,42.6,51.27,33.12,98.0,36.2,Sunny
2026-09-09,14:00:00,Computer Lab,Laboratory,51.8,39.56,39.56,24.5,36.2,Sunny
2026-09-09,14:00:00,Library,Library,30.28,31.82,23.57,98.0,36.2,Sunny
2026-09-09,14:00:00,Administration Block,Administrative,27.89,30.46,24.0,88.2,36.2,Sunny
2026-09-09,14:00:00,Hostel,Residential,18.71,27.0,14.18,23.9,36.2,Sunny
2026-09-09,16:00:00,Main Block,Academic,38.55,27.25,27.25,95.5,35.4,Sunny
2026-09-09,16:00:00,Computer Lab,Laboratory,42.11,20.05,20.05,19.6,35.4,Sunny
2026-09-09,16:00:00,Library,Library,27.22,16.73,16.73,95.7,35.4,Sunny
2026-09-09,16:00:00,Administration Block,Administrative,27.7,15.42,15.42,85.5,35.4,Sunny
2026-09-09,16:00:00,Hostel,Residential,19.72,13.79,13.79,22.6,35.4,Sunny
2026-09-09,18:00:00,Main Block,Academic,15.46,8.38,8.38,93.9,34.4,Sunny
2026-09-09,18:00:00,Computer Lab,Laboratory,19.59,5.92,5.92,16.6,34.4,Sunny
2026-09-09,18:00:00,Library,Library,12.1,6.06,6.06,94.4,34.4,Sunny
2026-09-09,18:00:00,Administration Block,Administrative,11.5,4.84,4.84,84.0,34.4,Sunny
2026-09-09,18:00:00,Hostel,Residential,37.34,4.0,4.0,15.3,34.4,Sunny
2026-09-09,20:00:00,Main Block,Academic,6.85,0.0,0.0,92.4,30.6,Sunny
2026-09-09,20:00:00,Computer Lab,Laboratory,9.12,0.0,0.0,14.6,30.6,Sunny
2026-09-09,20:00:00,Library,Library,5.53,0.0,0.0,93.2,30.6,Sunny
2026-09-09,20:00:00,Administration Block,Administrative,4.78,0.0,0.0,82.9,30.6,Sunny
2026-09-09,20:00:00,Hostel,Residential,51.1,0.0,0.0,12.0,30.6,Sunny
2026-09-09,22:00:00,Main Block,Academic,6.75,0.0,0.0,90.9,28.5,Sunny
2026-09-09,22:00:00,Computer Lab,Laboratory,8.32,0.0,0.0,12.8,28.5,Sunny
2026-09-09,22:00:00,Library,Library,5.76,0.0,0.0,91.9,28.5,Sunny
2026-09-09,22:00:00,Administration Block,Administrative,5.15,0.0,0.0,81.8,28.5,Sunny
2026-09-09,22:00:00,Hostel,Residential,46.7,0.0,0.0,12.0,28.5,Sunny
2026-09-10,00:00:00,Main Block,Academic,7.19,0.0,0.0,89.3,25.2,Sunny
2026-09-10,00:00:00,Computer Lab,Laboratory,8.11,0.0,0.0,12.0,25.2,Sunny
2026-09-10,00:00:00,Library,Library,5.63,0.0,0.0,90.7,25.2,Sunny
2026-09-10,00:00:00,Administration Block,Administrative,4.83,0.0,0.0,80.7,25.2,Sunny
2026-09-10,00:00:00,Hostel,Residential,13.36,0.0,0.0,12.0,25.2,Sunny
2026-09-10,02:00:00,Main Block,Academic,5.26,0.0,0.0,88.1,24.3,Sunny
2026-09-10,02:00:00,Computer Lab,Laboratory,122.31,0.0,0.0,12.0,24.3,Sunny
2026-09-10,02:00:00,Library,Library,4.21,0.0,0.0,89.8,24.3,Sunny
2026-09-10,02:00:00,Administration Block,Administrative,3.4,0.0,0.0,80.0,24.3,Sunny
2026-09-10,02:00:00,Hostel,Residential,15.54,0.0,0.0,12.0,24.3,Sunny
2026-09-10,04:00:00,Main Block,Academic,4.4,0.0,0.0,87.1,24.9,Sunny
2026-09-10,04:00:00,Computer Lab,Laboratory,6.23,0.0,0.0,12.0,24.9,Sunny
2026-09-10,04:00:00,Library,Library,3.74,0.0,0.0,89.0,24.9,Sunny
2026-09-10,04:00:00,Administration Block,Administrative,3.25,0.0,0.0,79.3,24.9,Sunny
2026-09-10,04:00:00,Hostel,Residential,11.77,0.0,0.0,12.0,24.9,Sunny
2026-09-10,06:00:00,Main Block,Academic,6.75,4.12,4.12,86.5,27.1,Sunny
2026-09-10,06:00:00,Computer Lab,Laboratory,8.12,3.07,3.07,12.0,27.1,Sunny
2026-09-10,06:00:00,Library,Library,5.35,2.52,2.52,88.4,27.1,Sunny
2026-09-10,06:00:00,Administration Block,Administrative,4.95,2.44,2.44,78.7,27.1,Sunny
2026-09-10,06:00:00,Hostel,Residential,38.72,1.96,1.96,12.0,27.1,Sunny
2026-09-10,08:00:00,Main Block,Academic,23.19,16.41,16.41,85.0,29.1,Sunny
2026-09-10,08:00:00,Computer Lab,Laboratory,26.67,11.37,11.37,12.0,29.1,Sunny
2026-09-10,08:00:00,Library,Library,16.36,10.12,10.12,87.0,29.1,Sunny
2026-09-10,08:00:00,Administration Block,Administrative,15.89,8.91,8.91,77.2,29.1,Sunny
2026-09-10,08:00:00,Hostel,Residential,44.55,8.17,8.17,12.0,29.1,Sunny
2026-09-10,10:00:00,Main Block,Academic,34.72,37.27,32.78,87.0,33.0,Sunny
2026-09-10,10:00:00,Computer Lab,Laboratory,45.07,27.58,27.58,12.0,33.0,Sunny
2026-09-10,10:00:00,Library,Library,26.76,28.18,23.24,89.2,33.0,Sunny
2026-09-10,10:00:00,Administration Block,Administrative,25.68,22.13,22.13,76.4,33.0,Sunny
2026-09-10,10:00:00,Hostel,Residential,19.61,18.87,15.99,13.3,33.0,Sunny
2026-09-10,12:00:00,Main Block,Academic,36.29,58.39,28.3,98.0,35.4,Sunny
2026-09-10,12:00:00,Computer Lab,Laboratory,39.3,46.37,29.79,19.5,35.4,Sunny
2026-09-10,12:00:00,Library,Library,27.98,35.63,23.96,94.5,35.4,Sunny
2026-09-10,12:00:00,Administration Block,Administrative,24.31,35.13,22.23,82.2,35.4,Sunny
2026-09-10,12:00:00,Hostel,Residential,18.76,27.64,16.17,18.5,35.4,Sunny
2026-09-10,14:00:00,Main Block,Academic,41.05,54.19,31.88,98.0,35.7,Sunny
2026-09-10,14:00:00,Computer Lab,Laboratory,50.65,35.62,35.62,16.2,35.7,Sunny
2026-09-10,14:00:00,Library,Library,30.13,34.84,27.77,97.7,35.7,Sunny
2026-09-10,14:00:00,Administration Block,Administrative,29.39,27.4,24.72,83.4,35.7,Sunny
2026-09-10,14:00:00,Hostel,Residential,19.72,26.8,16.39,23.2,35.7,Sunny
2026-09-10,16:00:00,Main Block,Academic,35.76,26.64,26.64,96.0,36.5,Sunny
2026-09-10,16:00:00,Computer Lab,Laboratory,48.28,18.76,18.76,12.0,36.5,Sunny
2026-09-10,16:00:00,Library,Library,27.93,16.57,16.57,95.2,36.5,Sunny
2026-09-10,16:00:00,Administration Block,Administrative,25.12,16.7,16.7,81.5,36.5,Sunny
2026-09-10,16:00:00,Hostel,Residential,19.79,13.98,13.98,21.9,36.5,Sunny
2026-09-10,18:00:00,Main Block,Academic,15.98,7.92,7.92,94.2,34.8,Sunny
2026-09-10,18:00:00,Computer Lab,Laboratory,19.79,6.75,6.75,12.0,34.8,Sunny
2026-09-10,18:00:00,Library,Library,11.84,5.77,5.77,93.9,34.8,Sunny
2026-09-10,18:00:00,Administration Block,Administrative,10.43,5.0,5.0,80.3,34.8,Sunny
2026-09-10,18:00:00,Hostel,Residential,40.3,4.06,4.06,13.9,34.8,Sunny
2026-09-10,20:00:00,Main Block,Academic,6.57,0.0,0.0,92.8,30.9,Sunny
2026-09-10,20:00:00,Computer Lab,Laboratory,8.72,0.0,0.0,12.0,30.9,Sunny
2026-09-10,20:00:00,Library,Library,5.89,0.0,0.0,92.6,30.9,Sunny
2026-09-10,20:00:00,Administration Block,Administrative,5.06,0.0,0.0,79.2,30.9,Sunny
2026-09-10,20:00:00,Hostel,Residential,52.58,0.0,0.0,12.0,30.9,Sunny
2026-09-10,22:00:00,Main Block,Academic,7.27,0.0,0.0,91.2,27.7,Sunny
2026-09-10,22:00:00,Computer Lab,Laboratory,8.37,0.0,0.0,12.0,27.7,Sunny
2026-09-10,22:00:00,Library,Library,5.37,0.0,0.0,91.4,27.7,Sunny
2026-09-10,22:00:00,Administration Block,Administrative,4.81,0.0,0.0,78.1,27.7,Sunny
2026-09-10,22:00:00,Hostel,Residential,44.7,0.0,0.0,12.0,27.7,Sunny
